,Benchmark Mode,Class,Cliffs Delta Size,Cliffs Delta d,Experiment,Factor,Fixed,Full params,Measurement Unit,Method,Original,Package,Project,Unnamed: 6,Wilcoxom,New Factor
0,"Throughput, ops/time",LoggerConfigBenchmark,small,0.171923139,FINA,0.989060789,20670534.39,,ops/s,logWithCountersAndLock,20899154.66, org.apache.logging.log4j.perf.jmh,log4j2,0,TRUE,1.011060201
1,"Throughput, ops/time",LoggerConfigBenchmark,small,0.230763629,FINA,0.987554064,32156728.6,,ops/s,logWithCountersNoLocks,32561993.09, org.apache.logging.log4j.perf.jmh,log4j2,0,TRUE,1.01260279
2,"Throughput, ops/time",LoggerConfigBenchmark,small,-0.271566783,FINA,1.037631081,30076298.78,,ops/s,logWithCountersRetryAfterReconfig,28985541.51, org.apache.logging.log4j.perf.jmh,log4j2,0,TRUE,-1.037631081
3,"Throughput, ops/time",LoggerConfigBenchmark,small,0.154494407,FINA,0.996980855,39780586.37,,ops/s,logWithoutCountersOrLocks,39901053.43, org.apache.logging.log4j.perf.jmh,log4j2,0,TRUE,1.003028288
4,"Throughput, ops/time",LoggerConfigBenchmark,negligible,-0.073979988,FINA,1.012820351,1940694386,,ops/s,testBaseline,1916128940, org.apache.logging.log4j.perf.jmh,log4j2,0,FALSE,-1.012820351
0,"Average time, time/op",SortedArrayVsHashMapBenchmark,medium,-0.3568,LOOP,1.053297328,37.055," (count = 5, length = 20)",ns/op,iterateMap,35.18, org.apache.logging.log4j.perf.jmh,log4j2,0,FALSE,1.053297328
1,"Average time, time/op",SortedArrayVsHashMapBenchmark,large,-0.8336,LOOP,1.074894099,3705.505," (count = 500, length = 20)",ns/op,iterateMap,3447.321, org.apache.logging.log4j.perf.jmh,log4j2,0,TRUE,1.074894099
2,"Throughput, ops/time",CollectionsBenchmark,medium,0.461846867,LOOP,0.9798719,214003101.8,,ops/s,iterArrayList1Element,218399059.9, org.apache.logging.log4j.perf.jmh,log4j2,0,TRUE,1.020541563
3,"Throughput, ops/time",CollectionsBenchmark,medium,0.406730698,LOOP,0.991152499,127590561.2,,ops/s,iterArrayList3Element,128729495.6, org.apache.logging.log4j.perf.jmh,log4j2,0,TRUE,1.008926478
4,"Throughput, ops/time",CollectionsBenchmark,large,0.948536846,LOOP,0.910514509,206600351.4,,ops/s,iterArraySet1Element,226905062.3, org.apache.logging.log4j.perf.jmh,log4j2,0,TRUE,1.098280137
5,"Throughput, ops/time",CollectionsBenchmark,large,-0.613065214,LOOP,1.027135214,124166183.1,,ops/s,iterArraySet3Element,120885917.9, org.apache.logging.log4j.perf.jmh,log4j2,0,TRUE,-1.027135214
6,"Throughput, ops/time",CollectionsBenchmark,small,-0.215018535,LOOP,1.003284073,33233467.68,,ops/s,iterMap1Element,33124683.8, org.apache.logging.log4j.perf.jmh,log4j2,0,TRUE,-1.003284073
7,"Throughput, ops/time",CollectionsBenchmark,large,0.581361591,LOOP,0.976588537,26170892.36,,ops/s,iterMap3Elements,26798279.28, org.apache.logging.log4j.perf.jmh,log4j2,0,TRUE,1.023972699
0,"Throughput, ops/time",AbstractStringLayoutStringEncodingBenchmark,large,1,RETU,0.753155515,26806.528,,ops/ms,baseline,35592.288, org.apache.logging.log4j.perf.jmh,log4j2,0,TRUE,1.327747032
1,"Throughput, ops/time",AbstractStringLayoutStringEncodingBenchmark,large,0.80315435,RETU,0.935868084,7868.368,,ops/ms,iso8859_1GetBytes,8407.561, org.apache.logging.log4j.perf.jmh,log4j2,0,TRUE,1.068526663
2,"Throughput, ops/time",AbstractStringLayoutStringEncodingBenchmark,large,0.855518074,RETU,0.926922117,7929.536,,ops/ms,usAsciiGetBytes,8554.695, org.apache.logging.log4j.perf.jmh,log4j2,0,TRUE,1.078839291
3,"Throughput, ops/time",AbstractStringLayoutStringEncodingBenchmark,small,0.227274,RETU,0.992192526,1217.7035,,ops/ms,utf16GetBytes,1227.2855, org.apache.logging.log4j.perf.jmh,log4j2,0,TRUE,1.007868911
4,"Throughput, ops/time",AbstractStringLayoutStringEncodingBenchmark,large,0.659653542,RETU,0.948240373,10824.088,,ops/ms,utf8GetBytes,11414.92, org.apache.logging.log4j.perf.jmh,log4j2,0,TRUE,1.054584922
0,"Throughput, ops/time",MathOperationsBenchmark,negligible,0.078508955,FINA,1.033155857,354652132.9,,ops/s,nextIndexConditionals,343270698.7, io.netty.microbenchmark.common,netty,0,FALSE,-1.033155857
1,"Throughput, ops/time",MathOperationsBenchmark,large,-0.502091623,FINA,1.079904786,363517779.3,,ops/s,nextIndexNoConditionals,336620213.4, io.netty.microbenchmark.common,netty,0,TRUE,-1.079904786
0,"Throughput, ops/time",FastThreadLocalFastPathBenchmark,large,0.8018,LOOP,0.819167936,40372.559,,ops/s,fastThreadLocal,49284.838, io.netty.microbench.concurrent,netty,0,TRUE,1.220750907
1,"Throughput, ops/time",FastThreadLocalFastPathBenchmark,large,0.9928,LOOP,0.693624043,53313.8705,,ops/s,jdkThreadLocalGet,76862.7775, io.netty.microbench.concurrent,netty,0,TRUE,1.441703196
2,"Throughput, ops/time",FastThreadLocalSlowPathBenchmark,large,0.913,LOOP,0.725972251,40933.5635,,ops/s,fastThreadLocal,56384.474, io.netty.microbench.concurrent,netty,0,TRUE,1.377463118
3,"Throughput, ops/time",FastThreadLocalSlowPathBenchmark,large,1,LOOP,0.715151344,53565.593,,ops/s,jdkThreadLocalGet,74901.059, io.netty.microbench.concurrent,netty,0,TRUE,1.39830542
4,"Throughput, ops/time",HttpMethodMapBenchmark,large,1,LOOP,0.726384638,17.325,,ops/us,newMapKnownMethods,23.851, io.netty.handler.codec.http,netty,0,TRUE,1.376681097
5,"Throughput, ops/time",HttpMethodMapBenchmark,large,1,LOOP,0.789672582,13.06,,ops/us,newMapMixMethods,16.5385, io.netty.handler.codec.http,netty,0,TRUE,1.266347626
6,"Throughput, ops/time",HttpMethodMapBenchmark,large,0.705495914,LOOP,0.934618656,32.964,,ops/us,newMapUnknownMethods,35.27, io.netty.handler.codec.http,netty,0,TRUE,1.069955103
7,"Throughput, ops/time",HttpMethodMapBenchmark,large,1,LOOP,0.735699099,14.533,,ops/us,oldMapKnownMethods,19.754, io.netty.handler.codec.http,netty,0,TRUE,1.359251359
8,"Throughput, ops/time",HttpMethodMapBenchmark,large,1,LOOP,0.749861898,10.8595,,ops/us,oldMapMixMethods,14.482, io.netty.handler.codec.http,netty,0,TRUE,1.333578894
9,"Throughput, ops/time",HttpMethodMapBenchmark,large,-0.811176041,LOOP,1.146350723,43.782,,ops/us,oldMapUnknownMethods,38.1925, io.netty.handler.codec.http,netty,0,TRUE,-1.146350723
0,"Throughput, ops/time",RecyclableArrayListBenchmark,large,1,RETU,0.88863957,1501239.845, (size = 00000),ops/s,recycleSameThread,1689368.667, io.netty.microbench.internal,netty,0,TRUE,1.125315633
1,"Throughput, ops/time",RecyclableArrayListBenchmark,large,1,RETU,0.891433074,1500048.159, (size = 00256),ops/s,recycleSameThread,1682737.832, io.netty.microbench.internal,netty,0,TRUE,1.121789205
2,"Throughput, ops/time",RecyclableArrayListBenchmark,large,1,RETU,0.891722067,1499763.985, (size = 01024),ops/s,recycleSameThread,1681873.804, io.netty.microbench.internal,netty,0,TRUE,1.121425652
3,"Throughput, ops/time",RecyclableArrayListBenchmark,large,1,RETU,0.888532259,1501877.088, (size = 04096),ops/s,recycleSameThread,1690289.883, io.netty.microbench.internal,netty,0,TRUE,1.125451541
4,"Throughput, ops/time",RecyclableArrayListBenchmark,large,1,RETU,0.89075254,1491766.759, (size = 16384),ops/s,recycleSameThread,1674726.36, io.netty.microbench.internal,netty,0,TRUE,1.122646251
5,"Throughput, ops/time",RecyclableArrayListBenchmark,large,1,RETU,0.890652125,1497404.567, (size = 65536),ops/s,recycleSameThread,1681245.152, io.netty.microbench.internal,netty,0,TRUE,1.122772822
0,"Throughput, ops/time",HttpMethodMapBenchmark,,,SETUP,0.99377483,31.768,,ops/us,newMapKnownMethods,31.967, io.netty.handler.codec.http,netty,0,,1.006264165
1,"Throughput, ops/time",HttpMethodMapBenchmark,,,SETUP,0.886281277,20.544,,ops/us,newMapMixMethods,23.18, io.netty.handler.codec.http,netty,0,,1.128309969
2,"Throughput, ops/time",HttpMethodMapBenchmark,,,SETUP,0.92162219,41.667,,ops/us,newMapUnknownMethods,45.2105, io.netty.handler.codec.http,netty,0,,1.08504332
3,"Throughput, ops/time",HttpMethodMapBenchmark,,,SETUP,0.814455527,20.8635,,ops/us,oldMapKnownMethods,25.6165, io.netty.handler.codec.http,netty,0,,1.227814125
4,"Throughput, ops/time",HttpMethodMapBenchmark,,,SETUP,0.851946305,15.2,,ops/us,oldMapMixMethods,17.8415, io.netty.handler.codec.http,netty,0,,1.173782895
5,"Throughput, ops/time",HttpMethodMapBenchmark,,,SETUP,0.73577588,35.666,,ops/us,oldMapUnknownMethods,48.474, io.netty.handler.codec.http,netty,0,,1.359109516
0,"Average time, time/op",HeadersBenchmark,large,0.961544949,INVO,0.928836672,180.094, (exampleHeader = EIGHT),ns/op,http2AddAllFast,193.892, io.netty.microbench.headers,netty,0,TRUE,-1.076615545
1,"Average time, time/op",HeadersBenchmark,large,0.848514432,INVO,0.948300528,246.579, (exampleHeader = ELEVEN),ns/op,http2AddAllFast,260.022, io.netty.microbench.headers,netty,0,TRUE,-1.054518025
2,"Average time, time/op",HeadersBenchmark,large,0.800126754,INVO,0.897107929,112.57, (exampleHeader = FIVE),ns/op,http2AddAllFast,125.481, io.netty.microbench.headers,netty,0,TRUE,-1.11469308
3,"Average time, time/op",HeadersBenchmark,large,0.885191086,INVO,0.902423509,131.928, (exampleHeader = SIX),ns/op,http2AddAllFast,146.193, io.netty.microbench.headers,netty,0,TRUE,-1.10812716
5,"Average time, time/op",HeadersBenchmark,large,1,INVO,0.838074347,71.445, (exampleHeader = THREE),ns/op,http2AddAllFast,85.249, io.netty.microbench.headers,netty,0,TRUE,-1.193211561
6,"Average time, time/op",HeadersBenchmark,medium,0.382521686,INVO,0.980139017,505.5905, (exampleHeader = TWENTYTWO),ns/op,http2AddAllFast,515.8355, io.netty.microbench.headers,netty,0,TRUE,-1.020263435
7,"Average time, time/op",HeadersBenchmark,large,0.491416466,INVO,0.947867027,140.8265, (exampleHeader = EIGHT),ns/op,http2AddAllFastest,148.572, io.netty.microbench.headers,netty,0,TRUE,-1.055000302
8,"Average time, time/op",HeadersBenchmark,large,0.604138583,INVO,0.955918589,189.703, (exampleHeader = ELEVEN),ns/op,http2AddAllFastest,198.451, io.netty.microbench.headers,netty,0,TRUE,-1.046114189
9,"Average time, time/op",HeadersBenchmark,large,0.769425458,INVO,0.887687694,90.569, (exampleHeader = FIVE),ns/op,http2AddAllFastest,102.028, io.netty.microbench.headers,netty,0,TRUE,-1.12652232
10,"Average time, time/op",HeadersBenchmark,large,0.670353347,INVO,0.914502845,107.701, (exampleHeader = SIX),ns/op,http2AddAllFastest,117.77, io.netty.microbench.headers,netty,0,TRUE,-1.093490311
12,"Average time, time/op",HeadersBenchmark,large,0.943119232,INVO,0.85825424,60.676, (exampleHeader = THREE),ns/op,http2AddAllFastest,70.697, io.netty.microbench.headers,netty,0,TRUE,-1.16515591
13,"Average time, time/op",HeadersBenchmark,negligible,-0.081664263,INVO,0.999450572,369.272, (exampleHeader = TWENTYTWO),ns/op,http2AddAllFastest,369.475, io.netty.microbench.headers,netty,0,TRUE,-1.00054973
14,"Average time, time/op",HeadersBenchmark,large,0.86226167,INVO,0.947794114,206.476, (exampleHeader = EIGHT),ns/op,http2AddAllSlow,217.849, io.netty.microbench.headers,netty,0,TRUE,-1.055081462
15,"Average time, time/op",HeadersBenchmark,large,0.90989588,INVO,0.954618461,275.185, (exampleHeader = ELEVEN),ns/op,http2AddAllSlow,288.267, io.netty.microbench.headers,netty,0,TRUE,-1.047538928
16,"Average time, time/op",HeadersBenchmark,large,0.920201866,INVO,0.909616006,126.614, (exampleHeader = FIVE),ns/op,http2AddAllSlow,139.195, io.netty.microbench.headers,netty,0,TRUE,-1.099364999
17,"Average time, time/op",HeadersBenchmark,large,0.883997676,INVO,0.932594009,151.706, (exampleHeader = SIX),ns/op,http2AddAllSlow,162.671, io.netty.microbench.headers,netty,0,TRUE,-1.072277959
19,"Average time, time/op",HeadersBenchmark,large,0.972362949,INVO,0.875908492,82.4335, (exampleHeader = THREE),ns/op,http2AddAllSlow,94.112, io.netty.microbench.headers,netty,0,TRUE,-1.141671772
20,"Average time, time/op",HeadersBenchmark,large,0.528398714,INVO,0.977531902,563.2705, (exampleHeader = TWENTYTWO),ns/op,http2AddAllSlow,576.217, io.netty.microbench.headers,netty,0,TRUE,-1.022984516
21,"Average time, time/op",HeadersBenchmark,large,0.859886578,INVO,0.909896229,71.9, (exampleHeader = EIGHT),ns/op,http2Get,79.02, io.netty.microbench.headers,netty,0,TRUE,-1.099026426
22,"Average time, time/op",HeadersBenchmark,large,0.810183855,INVO,0.956574955,103.5545, (exampleHeader = ELEVEN),ns/op,http2Get,108.2555, io.netty.microbench.headers,netty,0,TRUE,-1.045396385
23,"Average time, time/op",HeadersBenchmark,large,1,INVO,0.806367144,46.808, (exampleHeader = FIVE),ns/op,http2Get,58.048, io.netty.microbench.headers,netty,0,TRUE,-1.240129892
24,"Average time, time/op",HeadersBenchmark,large,1,INVO,0.817925646,51.086, (exampleHeader = SIX),ns/op,http2Get,62.458, io.netty.microbench.headers,netty,0,TRUE,-1.222605019
26,"Average time, time/op",HeadersBenchmark,large,1,INVO,0.643244453,25.861, (exampleHeader = THREE),ns/op,http2Get,40.204, io.netty.microbench.headers,netty,0,TRUE,-1.554618924
27,"Average time, time/op",HeadersBenchmark,large,0.475531389,INVO,0.957521062,219.3585, (exampleHeader = TWENTYTWO),ns/op,http2Get,229.09, io.netty.microbench.headers,netty,0,TRUE,-1.044363451
28,"Average time, time/op",HeadersBenchmark,large,1,INVO,0.756978073,36.422, (exampleHeader = EIGHT),ns/op,http2Iterate,48.115, io.netty.microbench.headers,netty,0,TRUE,-1.321042227
29,"Average time, time/op",HeadersBenchmark,large,0.999583333,INVO,0.830196058,48.823, (exampleHeader = ELEVEN),ns/op,http2Iterate,58.809, io.netty.microbench.headers,netty,0,TRUE,-1.204534748
30,"Average time, time/op",HeadersBenchmark,large,1,INVO,0.616630955,23.3105, (exampleHeader = FIVE),ns/op,http2Iterate,37.803, io.netty.microbench.headers,netty,0,TRUE,-1.621715536
31,"Average time, time/op",HeadersBenchmark,large,1,INVO,0.673276492,27.638, (exampleHeader = SIX),ns/op,http2Iterate,41.05, io.netty.microbench.headers,netty,0,TRUE,-1.485273898
33,"Average time, time/op",HeadersBenchmark,large,1,INVO,0.477224141,14.51, (exampleHeader = THREE),ns/op,http2Iterate,30.405, io.netty.microbench.headers,netty,0,TRUE,-2.095451413
34,"Average time, time/op",HeadersBenchmark,medium,-0.406487564,INVO,1.005025437,97.194, (exampleHeader = TWENTYTWO),ns/op,http2Iterate,96.708, io.netty.microbench.headers,netty,0,TRUE,1.005025437
35,"Average time, time/op",HeadersBenchmark,negligible,0.04200542,INVO,0.963698227,147.282, (exampleHeader = EIGHT),ns/op,http2Put,152.83, io.netty.microbench.headers,netty,0,TRUE,-1.037669233
36,"Average time, time/op",HeadersBenchmark,small,0.223020833,INVO,0.911934424,180.9515, (exampleHeader = ELEVEN),ns/op,http2Put,198.426, io.netty.microbench.headers,netty,0,FALSE,-1.096570075
37,"Average time, time/op",HeadersBenchmark,medium,-0.353625487,INVO,12.07561937,1286.778, (exampleHeader = FIVE),ns/op,http2Put,106.56, io.netty.microbench.headers,netty,0,TRUE,12.07561937
38,"Average time, time/op",HeadersBenchmark,medium,-0.382582898,INVO,4.832394448,585.894, (exampleHeader = SIX),ns/op,http2Put,121.243, io.netty.microbench.headers,netty,0,TRUE,4.832394448
40,"Average time, time/op",HeadersBenchmark,medium,-0.33856977,INVO,3.425613716,263.738, (exampleHeader = THREE),ns/op,http2Put,76.99, io.netty.microbench.headers,netty,0,TRUE,3.425613716
41,"Average time, time/op",HeadersBenchmark,large,0.719967751,INVO,0.93091435,332.14, (exampleHeader = TWENTYTWO),ns/op,http2Put,356.789, io.netty.microbench.headers,netty,0,TRUE,-1.074212681
42,"Average time, time/op",HeadersBenchmark,large,1,INVO,0.654158698,37.795, (exampleHeader = EIGHT),ns/op,http2Remove,57.7765, io.netty.microbench.headers,netty,0,TRUE,-1.528681042
43,"Average time, time/op",HeadersBenchmark,large,1,INVO,0.715011279,51.666, (exampleHeader = ELEVEN),ns/op,http2Remove,72.259, io.netty.microbench.headers,netty,0,TRUE,-1.398579337
44,"Average time, time/op",HeadersBenchmark,large,1,INVO,0.560818665,23.8805, (exampleHeader = FIVE),ns/op,http2Remove,42.5815, io.netty.microbench.headers,netty,0,TRUE,-1.783107556
45,"Average time, time/op",HeadersBenchmark,large,1,INVO,0.613870547,29.192, (exampleHeader = SIX),ns/op,http2Remove,47.554, io.netty.microbench.headers,netty,0,TRUE,-1.629007947
47,"Average time, time/op",HeadersBenchmark,large,1,INVO,0.438363141,14.633, (exampleHeader = THREE),ns/op,http2Remove,33.381, io.netty.microbench.headers,netty,0,TRUE,-2.281213695
48,"Average time, time/op",HeadersBenchmark,large,1,INVO,0.811001667,102.672, (exampleHeader = TWENTYTWO),ns/op,http2Remove,126.599, io.netty.microbench.headers,netty,0,TRUE,-1.233043089
49,"Average time, time/op",HeadersBenchmark,large,0.979567653,INVO,0.939913492,372.671, (exampleHeader = EIGHT),ns/op,httpAddAllFast,396.495, io.netty.microbench.headers,netty,0,TRUE,-1.0639277
50,"Average time, time/op",HeadersBenchmark,large,0.957654913,INVO,0.97818935,484.057, (exampleHeader = ELEVEN),ns/op,httpAddAllFast,494.85, io.netty.microbench.headers,netty,0,TRUE,-1.022296961
51,"Average time, time/op",HeadersBenchmark,large,0.999712726,INVO,0.906747654,181.379, (exampleHeader = FIVE),ns/op,httpAddAllFast,200.0325, io.netty.microbench.headers,netty,0,TRUE,-1.102842666
52,"Average time, time/op",HeadersBenchmark,large,0.99123211,INVO,0.918342222,224.531, (exampleHeader = SIX),ns/op,httpAddAllFast,244.496, io.netty.microbench.headers,netty,0,TRUE,-1.088918679
54,"Average time, time/op",HeadersBenchmark,large,0.974468544,INVO,0.882634097,107.5675, (exampleHeader = THREE),ns/op,httpAddAllFast,121.871, io.netty.microbench.headers,netty,0,TRUE,-1.13297232
55,"Average time, time/op",HeadersBenchmark,large,-0.866482951,INVO,1.05106464,1401.745, (exampleHeader = TWENTYTWO),ns/op,httpAddAllFast,1333.643, io.netty.microbench.headers,netty,0,TRUE,1.05106464
56,"Average time, time/op",HeadersBenchmark,small,0.250774106,INVO,0.982742394,117.991, (exampleHeader = EIGHT),ns/op,httpAddAllFastest,120.063, io.netty.microbench.headers,netty,0,FALSE,-1.017560661
57,"Average time, time/op",HeadersBenchmark,large,-0.624308449,INVO,1.119852229,174.604, (exampleHeader = ELEVEN),ns/op,httpAddAllFastest,155.917, io.netty.microbench.headers,netty,0,TRUE,1.119852229
58,"Average time, time/op",HeadersBenchmark,large,0.811983617,INVO,0.937704103,79.251, (exampleHeader = FIVE),ns/op,httpAddAllFastest,84.516, io.netty.microbench.headers,netty,0,TRUE,-1.066434493
59,"Average time, time/op",HeadersBenchmark,large,0.552079012,INVO,0.917830389,94.71, (exampleHeader = SIX),ns/op,httpAddAllFastest,103.189, io.netty.microbench.headers,netty,0,TRUE,-1.089525921
61,"Average time, time/op",HeadersBenchmark,large,0.875599819,INVO,0.843748501,52.752, (exampleHeader = THREE),ns/op,httpAddAllFastest,62.521, io.netty.microbench.headers,netty,0,TRUE,-1.185187291
62,"Average time, time/op",HeadersBenchmark,large,-0.832916667,INVO,1.226119713,348.603, (exampleHeader = TWENTYTWO),ns/op,httpAddAllFastest,284.314, io.netty.microbench.headers,netty,0,TRUE,1.226119713
63,"Average time, time/op",HeadersBenchmark,large,0.769004849,INVO,0.914566344,155.779, (exampleHeader = EIGHT),ns/op,httpGet,170.331, io.netty.microbench.headers,netty,0,TRUE,-1.093414388
64,"Average time, time/op",HeadersBenchmark,large,0.804826389,INVO,0.943411441,219.946, (exampleHeader = ELEVEN),ns/op,httpGet,233.139, io.netty.microbench.headers,netty,0,TRUE,-1.059982905
65,"Average time, time/op",HeadersBenchmark,large,0.905608207,INVO,0.855648827,92.043, (exampleHeader = FIVE),ns/op,httpGet,107.571, io.netty.microbench.headers,netty,0,TRUE,-1.168703758
66,"Average time, time/op",HeadersBenchmark,large,0.899829548,INVO,0.883473302,107.198, (exampleHeader = SIX),ns/op,httpGet,121.337, io.netty.microbench.headers,netty,0,TRUE,-1.131896117
68,"Average time, time/op",HeadersBenchmark,large,1,INVO,0.757403921,51.8905, (exampleHeader = THREE),ns/op,httpGet,68.511, io.netty.microbench.headers,netty,0,TRUE,-1.320299477
69,"Average time, time/op",HeadersBenchmark,large,-0.597721182,INVO,1.008054825,505.853, (exampleHeader = TWENTYTWO),ns/op,httpGet,501.811, io.netty.microbench.headers,netty,0,TRUE,1.008054825
70,"Average time, time/op",HeadersBenchmark,large,1,INVO,0.711045104,34.95, (exampleHeader = EIGHT),ns/op,httpIterate,49.153, io.netty.microbench.headers,netty,0,TRUE,-1.406380544
71,"Average time, time/op",HeadersBenchmark,large,1,INVO,0.82141567,47.753, (exampleHeader = ELEVEN),ns/op,httpIterate,58.135, io.netty.microbench.headers,netty,0,TRUE,-1.217410424
72,"Average time, time/op",HeadersBenchmark,large,1,INVO,0.588232249,22.724, (exampleHeader = FIVE),ns/op,httpIterate,38.631, io.netty.microbench.headers,netty,0,TRUE,-1.700008801
73,"Average time, time/op",HeadersBenchmark,large,1,INVO,0.651307582,27.1465, (exampleHeader = SIX),ns/op,httpIterate,41.68, io.netty.microbench.headers,netty,0,TRUE,-1.535372884
75,"Average time, time/op",HeadersBenchmark,large,1,INVO,0.481571173,14.9145, (exampleHeader = THREE),ns/op,httpIterate,30.9705, io.netty.microbench.headers,netty,0,TRUE,-2.076536257
76,"Average time, time/op",HeadersBenchmark,negligible,-0.145176873,INVO,1.007376415,94.9825, (exampleHeader = TWENTYTWO),ns/op,httpIterate,94.287, io.netty.microbench.headers,netty,0,FALSE,1.007376415
77,"Average time, time/op",HeadersBenchmark,small,-0.203401405,INVO,2.076856092,331.514, (exampleHeader = EIGHT),ns/op,httpPut,159.623, io.netty.microbench.headers,netty,0,TRUE,2.076856092
78,"Average time, time/op",HeadersBenchmark,negligible,0.071049449,INVO,0.937764798,193.783, (exampleHeader = ELEVEN),ns/op,httpPut,206.6435, io.netty.microbench.headers,netty,0,TRUE,-1.066365471
79,"Average time, time/op",HeadersBenchmark,small,-0.233636471,INVO,2.749618483,309.904, (exampleHeader = FIVE),ns/op,httpPut,112.708, io.netty.microbench.headers,netty,0,TRUE,2.749618483
80,"Average time, time/op",HeadersBenchmark,medium,-0.360100549,INVO,12.33995478,1582.846, (exampleHeader = SIX),ns/op,httpPut,128.27, io.netty.microbench.headers,netty,0,TRUE,12.33995478
82,"Average time, time/op",HeadersBenchmark,small,-0.270601005,INVO,4.223176124,343.851, (exampleHeader = THREE),ns/op,httpPut,81.42, io.netty.microbench.headers,netty,0,TRUE,4.223176124
83,"Average time, time/op",HeadersBenchmark,medium,0.441238725,INVO,0.966302722,365.074, (exampleHeader = TWENTYTWO),ns/op,httpPut,377.805, io.netty.microbench.headers,netty,0,TRUE,-1.034872382
84,"Average time, time/op",HeadersBenchmark,large,1,INVO,0.727051651,43.65, (exampleHeader = EIGHT),ns/op,httpRemove,60.037, io.netty.microbench.headers,netty,0,TRUE,-1.375418099
85,"Average time, time/op",HeadersBenchmark,large,1,INVO,0.780075512,58.884, (exampleHeader = ELEVEN),ns/op,httpRemove,75.485, io.netty.microbench.headers,netty,0,TRUE,-1.281927179
86,"Average time, time/op",HeadersBenchmark,large,1,INVO,0.612412778,27.471, (exampleHeader = FIVE),ns/op,httpRemove,44.857, io.netty.microbench.headers,netty,0,TRUE,-1.632885588
87,"Average time, time/op",HeadersBenchmark,large,1,INVO,0.65615974,32.7135, (exampleHeader = SIX),ns/op,httpRemove,49.856, io.netty.microbench.headers,netty,0,TRUE,-1.524019136
89,"Average time, time/op",HeadersBenchmark,large,1,INVO,0.486365072,16.9435, (exampleHeader = THREE),ns/op,httpRemove,34.837, io.netty.microbench.headers,netty,0,TRUE,-2.056068699
90,"Average time, time/op",HeadersBenchmark,large,0.923976608,INVO,0.91303284,119.411, (exampleHeader = TWENTYTWO),ns/op,httpRemove,130.785, io.netty.microbench.headers,netty,0,TRUE,-1.095250856
91,"Throughput, ops/time",CodecOutputListBenchmark,large,-1,INVO,5.458687616,176523504.1, (elements = 1),ops/s,arrayList,32338085, io.netty.handler.codec,netty,0,TRUE,-5.458687616
92,"Throughput, ops/time",CodecOutputListBenchmark,large,-1,INVO,2.139245897,50551210.31, (elements = 4),ops/s,arrayList,23630387.88, io.netty.handler.codec,netty,0,TRUE,-2.139245897
93,"Throughput, ops/time",CodecOutputListBenchmark,large,-1,INVO,7.989115306,351564210, (elements = 1),ops/s,codecOutList,44005399.42, io.netty.handler.codec,netty,0,TRUE,-7.989115306
94,"Throughput, ops/time",CodecOutputListBenchmark,large,-1,INVO,4.181335513,154966686.2, (elements = 4),ops/s,codecOutList,37061528.72, io.netty.handler.codec,netty,0,TRUE,-4.181335513
95,"Throughput, ops/time",CodecOutputListBenchmark,large,-1,INVO,5.526018669,194882561.3, (elements = 1),ops/s,recyclableArrayList,35266359.55, io.netty.handler.codec,netty,0,TRUE,-5.526018669
96,"Throughput, ops/time",CodecOutputListBenchmark,large,-1,INVO,2.795942901,68669808.04, (elements = 4),ops/s,recyclableArrayList,24560518.75, io.netty.handler.codec,netty,0,TRUE,-2.795942901
0,"Average time, time/op",FloatCompressionBenchmark,large,-1,LOOP,1.937270526,24.799," (dirPath = floatCompress/, file = enumerate, strategy = lz4)",ms/op,readContinuous,12.801, io.druid.benchmark,druid,0,TRUE,1.937270526
1,"Average time, time/op",FloatCompressionBenchmark,large,-1,LOOP,4.995059986,21.234," (dirPath = floatCompress/, file = enumerate, strategy = none)",ms/op,readContinuous,4.251, io.druid.benchmark,druid,0,TRUE,4.995059986
2,"Average time, time/op",FloatCompressionBenchmark,large,-1,LOOP,1.882654181,25.734," (dirPath = floatCompress/, file = sequential, strategy = lz4)",ms/op,readContinuous,13.669, io.druid.benchmark,druid,0,TRUE,1.882654181
3,"Average time, time/op",FloatCompressionBenchmark,large,-1,LOOP,5.001412097,21.251," (dirPath = floatCompress/, file = sequential, strategy = none)",ms/op,readContinuous,4.249, io.druid.benchmark,druid,0,TRUE,5.001412097
4,"Average time, time/op",FloatCompressionBenchmark,large,-1,LOOP,2.026707106,24.056," (dirPath = floatCompress/, file = uniform, strategy = lz4)",ms/op,readContinuous,11.8695, io.druid.benchmark,druid,0,TRUE,2.026707106
5,"Average time, time/op",FloatCompressionBenchmark,large,-1,LOOP,5.095977417,21.663," (dirPath = floatCompress/, file = uniform, strategy = none)",ms/op,readContinuous,4.251, io.druid.benchmark,druid,0,TRUE,5.095977417
6,"Average time, time/op",FloatCompressionBenchmark,large,-1,LOOP,1.810232558,27.244," (dirPath = floatCompress/, file = zipfHigh, strategy = lz4)",ms/op,readContinuous,15.05, io.druid.benchmark,druid,0,TRUE,1.810232558
7,"Average time, time/op",FloatCompressionBenchmark,large,-1,LOOP,5.003178714,21.2485," (dirPath = floatCompress/, file = zipfHigh, strategy = none)",ms/op,readContinuous,4.247, io.druid.benchmark,druid,0,TRUE,5.003178714
8,"Average time, time/op",FloatCompressionBenchmark,large,-1,LOOP,1.614243323,31.552," (dirPath = floatCompress/, file = zipfLow, strategy = lz4)",ms/op,readContinuous,19.546, io.druid.benchmark,druid,0,TRUE,1.614243323
9,"Average time, time/op",FloatCompressionBenchmark,large,-1,LOOP,5.09790539,21.661," (dirPath = floatCompress/, file = zipfLow, strategy = none)",ms/op,readContinuous,4.249, io.druid.benchmark,druid,0,TRUE,5.09790539
10,"Average time, time/op",FloatCompressionBenchmark,large,-0.752569444,LOOP,1.001616031,3.099," (dirPath = floatCompress/, file = enumerate, strategy = lz4)",ms/op,readSkipping,3.094, io.druid.benchmark,druid,0,TRUE,1.001616031
11,"Average time, time/op",FloatCompressionBenchmark,large,-1,LOOP,1.032679739,0.158," (dirPath = floatCompress/, file = enumerate, strategy = none)",ms/op,readSkipping,0.153, io.druid.benchmark,druid,0,TRUE,1.032679739
12,"Average time, time/op",FloatCompressionBenchmark,negligible,0.115143103,LOOP,1.000254972,3.923," (dirPath = floatCompress/, file = sequential, strategy = lz4)",ms/op,readSkipping,3.922, io.druid.benchmark,druid,0,FALSE,1.000254972
13,"Average time, time/op",FloatCompressionBenchmark,large,-1,LOOP,1.032894737,0.157," (dirPath = floatCompress/, file = sequential, strategy = none)",ms/op,readSkipping,0.152, io.druid.benchmark,druid,0,TRUE,1.032894737
14,"Average time, time/op",FloatCompressionBenchmark,negligible,0.049110979,LOOP,0.997206704,2.142," (dirPath = floatCompress/, file = uniform, strategy = lz4)",ms/op,readSkipping,2.148, io.druid.benchmark,druid,0,FALSE,-1.00280112
15,"Average time, time/op",FloatCompressionBenchmark,large,-1,LOOP,1.032679739,0.158," (dirPath = floatCompress/, file = uniform, strategy = none)",ms/op,readSkipping,0.153, io.druid.benchmark,druid,0,TRUE,1.032679739
16,"Average time, time/op",FloatCompressionBenchmark,large,-0.71339811,LOOP,1.001123175,5.348," (dirPath = floatCompress/, file = zipfHigh, strategy = lz4)",ms/op,readSkipping,5.342, io.druid.benchmark,druid,0,TRUE,1.001123175
17,"Average time, time/op",FloatCompressionBenchmark,large,-1,LOOP,1.032467532,0.159," (dirPath = floatCompress/, file = zipfHigh, strategy = none)",ms/op,readSkipping,0.154, io.druid.benchmark,druid,0,TRUE,1.032467532
18,"Average time, time/op",FloatCompressionBenchmark,negligible,0.084864,LOOP,0.999898312,9.833," (dirPath = floatCompress/, file = zipfLow, strategy = lz4)",ms/op,readSkipping,9.834, io.druid.benchmark,druid,0,FALSE,-1.000101698
19,"Average time, time/op",FloatCompressionBenchmark,large,-1,LOOP,1.032679739,0.158," (dirPath = floatCompress/, file = zipfLow, strategy = none)",ms/op,readSkipping,0.153, io.druid.benchmark,druid,0,TRUE,1.032679739
20,"Average time, time/op",LongCompressionBenchmark,large,-1,LOOP,1.332842309,37.097," (dirPath = longCompress/, file = enumerate, format = auto, strategy = lz4)",ms/op,readContinuous,27.833, io.druid.benchmark,druid,0,TRUE,1.332842309
21,"Average time, time/op",LongCompressionBenchmark,large,-1,LOOP,4.391193956,35.4545," (dirPath = longCompress/, file = enumerate, format = auto, strategy = none)",ms/op,readContinuous,8.074, io.druid.benchmark,druid,0,TRUE,4.391193956
22,"Average time, time/op",LongCompressionBenchmark,large,-1,LOOP,1.585324124,25.018," (dirPath = longCompress/, file = enumerate, format = longs, strategy = lz4)",ms/op,readContinuous,15.781, io.druid.benchmark,druid,0,TRUE,1.585324124
23,"Average time, time/op",LongCompressionBenchmark,large,-1,LOOP,5.069701897,23.384," (dirPath = longCompress/, file = enumerate, format = longs, strategy = none)",ms/op,readContinuous,4.6125, io.druid.benchmark,druid,0,TRUE,5.069701897
24,"Average time, time/op",LongCompressionBenchmark,large,-1,LOOP,1.361164333,36.942," (dirPath = longCompress/, file = sequential, format = auto, strategy = lz4)",ms/op,readContinuous,27.14, io.druid.benchmark,druid,0,TRUE,1.361164333
25,"Average time, time/op",LongCompressionBenchmark,large,-1,LOOP,4.113649958,34.386," (dirPath = longCompress/, file = sequential, format = auto, strategy = none)",ms/op,readContinuous,8.359, io.druid.benchmark,druid,0,TRUE,4.113649958
26,"Average time, time/op",LongCompressionBenchmark,large,-1,LOOP,1.197878866,55.457," (dirPath = longCompress/, file = sequential, format = longs, strategy = lz4)",ms/op,readContinuous,46.296, io.druid.benchmark,druid,0,TRUE,1.197878866
27,"Average time, time/op",LongCompressionBenchmark,large,-1,LOOP,5.146262189,23.75," (dirPath = longCompress/, file = sequential, format = longs, strategy = none)",ms/op,readContinuous,4.615, io.druid.benchmark,druid,0,TRUE,5.146262189
28,"Average time, time/op",LongCompressionBenchmark,large,-1,LOOP,1.287636195,38.763," (dirPath = longCompress/, file = uniform, format = auto, strategy = lz4)",ms/op,readContinuous,30.104, io.druid.benchmark,druid,0,TRUE,1.287636195
29,"Average time, time/op",LongCompressionBenchmark,large,-1,LOOP,3.138717886,38.239," (dirPath = longCompress/, file = uniform, format = auto, strategy = none)",ms/op,readContinuous,12.183, io.druid.benchmark,druid,0,TRUE,3.138717886
30,"Average time, time/op",LongCompressionBenchmark,large,-1,LOOP,1.387795441,32.999," (dirPath = longCompress/, file = uniform, format = longs, strategy = lz4)",ms/op,readContinuous,23.778, io.druid.benchmark,druid,0,TRUE,1.387795441
31,"Average time, time/op",LongCompressionBenchmark,large,-1,LOOP,5.079991329,23.434," (dirPath = longCompress/, file = uniform, format = longs, strategy = none)",ms/op,readContinuous,4.613, io.druid.benchmark,druid,0,TRUE,5.079991329
32,"Average time, time/op",LongCompressionBenchmark,large,-1,LOOP,1.302072126,32.6755," (dirPath = longCompress/, file = zipfHigh, format = auto, strategy = lz4)",ms/op,readContinuous,25.095, io.druid.benchmark,druid,0,TRUE,1.302072126
33,"Average time, time/op",LongCompressionBenchmark,large,-1,LOOP,9.727895595,29.816," (dirPath = longCompress/, file = zipfHigh, format = auto, strategy = none)",ms/op,readContinuous,3.065, io.druid.benchmark,druid,0,TRUE,9.727895595
34,"Average time, time/op",LongCompressionBenchmark,large,-1,LOOP,1.519288084,27.0175," (dirPath = longCompress/, file = zipfHigh, format = longs, strategy = lz4)",ms/op,readContinuous,17.783, io.druid.benchmark,druid,0,TRUE,1.519288084
35,"Average time, time/op",LongCompressionBenchmark,large,-1,LOOP,5.085466377,23.444," (dirPath = longCompress/, file = zipfHigh, format = longs, strategy = none)",ms/op,readContinuous,4.61, io.druid.benchmark,druid,0,TRUE,5.085466377
36,"Average time, time/op",LongCompressionBenchmark,large,-1,LOOP,1.25768672,42.418," (dirPath = longCompress/, file = zipfLow, format = auto, strategy = lz4)",ms/op,readContinuous,33.727, io.druid.benchmark,druid,0,TRUE,1.25768672
37,"Average time, time/op",LongCompressionBenchmark,large,-1,LOOP,3.139046212,38.243," (dirPath = longCompress/, file = zipfLow, format = auto, strategy = none)",ms/op,readContinuous,12.183, io.druid.benchmark,druid,0,TRUE,3.139046212
38,"Average time, time/op",LongCompressionBenchmark,large,-1,LOOP,1.358703449,35.043," (dirPath = longCompress/, file = zipfLow, format = longs, strategy = lz4)",ms/op,readContinuous,25.7915, io.druid.benchmark,druid,0,TRUE,1.358703449
39,"Average time, time/op",LongCompressionBenchmark,large,-1,LOOP,5.12284153,23.437," (dirPath = longCompress/, file = zipfLow, format = longs, strategy = none)",ms/op,readContinuous,4.575, io.druid.benchmark,druid,0,TRUE,5.12284153
40,"Average time, time/op",LongCompressionBenchmark,large,-0.974737974,LOOP,1.012019231,1.263," (dirPath = longCompress/, file = enumerate, format = auto, strategy = lz4)",ms/op,readSkipping,1.248, io.druid.benchmark,druid,0,TRUE,1.012019231
41,"Average time, time/op",LongCompressionBenchmark,large,-1,LOOP,1.105263158,0.084," (dirPath = longCompress/, file = enumerate, format = auto, strategy = none)",ms/op,readSkipping,0.076, io.druid.benchmark,druid,0,TRUE,1.105263158
42,"Average time, time/op",LongCompressionBenchmark,large,-0.688738868,LOOP,1.001265823,4.746," (dirPath = longCompress/, file = enumerate, format = longs, strategy = lz4)",ms/op,readSkipping,4.74, io.druid.benchmark,druid,0,TRUE,1.001265823
43,"Average time, time/op",LongCompressionBenchmark,small,-0.304977196,LOOP,1.017021277,0.239," (dirPath = longCompress/, file = enumerate, format = longs, strategy = none)",ms/op,readSkipping,0.235, io.druid.benchmark,druid,0,TRUE,1.017021277
44,"Average time, time/op",LongCompressionBenchmark,large,-0.63187628,LOOP,1.007653061,1.185," (dirPath = longCompress/, file = sequential, format = auto, strategy = lz4)",ms/op,readSkipping,1.176, io.druid.benchmark,druid,0,TRUE,1.007653061
45,"Average time, time/op",LongCompressionBenchmark,large,-0.995296963,LOOP,1.063636364,0.117," (dirPath = longCompress/, file = sequential, format = auto, strategy = none)",ms/op,readSkipping,0.11, io.druid.benchmark,druid,0,TRUE,1.063636364
46,"Average time, time/op",LongCompressionBenchmark,medium,0.418071254,LOOP,0.999687908,35.235," (dirPath = longCompress/, file = sequential, format = longs, strategy = lz4)",ms/op,readSkipping,35.246, io.druid.benchmark,druid,0,TRUE,-1.00031219
47,"Average time, time/op",LongCompressionBenchmark,small,-0.278737791,LOOP,1.021276596,0.24," (dirPath = longCompress/, file = sequential, format = longs, strategy = none)",ms/op,readSkipping,0.235, io.druid.benchmark,druid,0,TRUE,1.021276596
48,"Average time, time/op",LongCompressionBenchmark,large,-0.952667168,LOOP,1.023961661,0.641," (dirPath = longCompress/, file = uniform, format = auto, strategy = lz4)",ms/op,readSkipping,0.626, io.druid.benchmark,druid,0,TRUE,1.023961661
49,"Average time, time/op",LongCompressionBenchmark,large,-0.845897921,LOOP,1.084337349,0.09," (dirPath = longCompress/, file = uniform, format = auto, strategy = none)",ms/op,readSkipping,0.083, io.druid.benchmark,druid,0,TRUE,1.084337349
50,"Average time, time/op",LongCompressionBenchmark,large,-0.587140554,LOOP,1.000706769,12.743," (dirPath = longCompress/, file = uniform, format = longs, strategy = lz4)",ms/op,readSkipping,12.734, io.druid.benchmark,druid,0,TRUE,1.000706769
51,"Average time, time/op",LongCompressionBenchmark,small,-0.279373743,LOOP,1.017021277,0.239," (dirPath = longCompress/, file = uniform, format = longs, strategy = none)",ms/op,readSkipping,0.235, io.druid.benchmark,druid,0,TRUE,1.017021277
52,"Average time, time/op",LongCompressionBenchmark,large,-0.968581381,LOOP,1.005492184,2.38," (dirPath = longCompress/, file = zipfHigh, format = auto, strategy = lz4)",ms/op,readSkipping,2.367, io.druid.benchmark,druid,0,TRUE,1.005492184
53,"Average time, time/op",LongCompressionBenchmark,large,-0.844702013,LOOP,1.052631579,0.08," (dirPath = longCompress/, file = zipfHigh, format = auto, strategy = none)",ms/op,readSkipping,0.076, io.druid.benchmark,druid,0,TRUE,1.052631579
54,"Average time, time/op",LongCompressionBenchmark,small,-0.205102783,LOOP,1.000297,6.736," (dirPath = longCompress/, file = zipfHigh, format = longs, strategy = lz4)",ms/op,readSkipping,6.734, io.druid.benchmark,druid,0,FALSE,1.000297
55,"Average time, time/op",LongCompressionBenchmark,small,-0.257255844,LOOP,1.017021277,0.239," (dirPath = longCompress/, file = zipfHigh, format = longs, strategy = none)",ms/op,readSkipping,0.235, io.druid.benchmark,druid,0,TRUE,1.017021277
56,"Average time, time/op",LongCompressionBenchmark,large,-0.921343116,LOOP,1.004924953,4.285," (dirPath = longCompress/, file = zipfLow, format = auto, strategy = lz4)",ms/op,readSkipping,4.264, io.druid.benchmark,druid,0,TRUE,1.004924953
57,"Average time, time/op",LongCompressionBenchmark,large,-1,LOOP,1.071428571,0.09," (dirPath = longCompress/, file = zipfLow, format = auto, strategy = none)",ms/op,readSkipping,0.084, io.druid.benchmark,druid,0,TRUE,1.071428571
58,"Average time, time/op",LongCompressionBenchmark,medium,-0.444101048,LOOP,1.000169296,14.7695," (dirPath = longCompress/, file = zipfLow, format = longs, strategy = lz4)",ms/op,readSkipping,14.767, io.druid.benchmark,druid,0,TRUE,1.000169296
59,"Average time, time/op",LongCompressionBenchmark,small,-0.290130797,LOOP,1.019189765,0.239," (dirPath = longCompress/, file = zipfLow, format = longs, strategy = none)",ms/op,readSkipping,0.2345, io.druid.benchmark,druid,0,TRUE,1.019189765
60,"Average time, time/op",FilterPartitionBenchmark,negligible,0.046380497,LOOP,0.999070242,115963.15," (rowsPerSegment = 750000, schema = basic)",us/op,timeFilterNone,116071.068, io.druid.benchmark,druid,0,FALSE,-1.000930623
61,"Average time, time/op",CachingCostBalancerStrategyBenchmark,large,-1,LOOP,1.649294911,2.69," (rowsPerSegment = 750000, schema = basic)",us/op,measureCachingCostStrategy,1.631, io.druid.server.coordinator,druid,0,TRUE,1.649294911
62,"Average time, time/op",CachingCostBalancerStrategyBenchmark,negligible,0.1336,LOOP,0.976901102,21544.679," (rowsPerSegment = 750000, schema = basic)",us/op,measureCostStrategy,22054.1045, io.druid.server.coordinator,druid,0,FALSE,-1.023645073
63,"Average time, time/op",CostBalancerStrategyBenchmark,large,-1,LOOP,1.031328297,863.591," (rowsPerSegment = 750000, schema = basic)",us/op,measureCostStrategySingle,837.358, io.druid.server.coordinator,druid,0,TRUE,1.031328297
0,"Average time, time/op",LoadStatusBenchmark,large,1,INVO,0.68374489,195.1825," (serverHasAllSegments = false, totalSegmentsCount = 10000)",us/op,newVersion,285.461, io.druid.benchmark,druid,0,TRUE,-1.462533782
1,"Average time, time/op",LoadStatusBenchmark,large,1,INVO,0.742813361,363.079," (serverHasAllSegments = true, totalSegmentsCount = 10000)",us/op,newVersion,488.789, io.druid.benchmark,druid,0,TRUE,-1.346233189
2,"Average time, time/op",LoadStatusBenchmark,large,1,INVO,0.727876976,218.58," (serverHasAllSegments = false, totalSegmentsCount = 10000)",us/op,oldVersion,300.298, io.druid.benchmark,druid,0,TRUE,-1.373858541
3,"Average time, time/op",LoadStatusBenchmark,large,0.999714625,INVO,0.639296081,1179230.986," (serverHasAllSegments = true, totalSegmentsCount = 10000)",us/op,oldVersion,1844577.217, io.druid.benchmark,druid,0,TRUE,-1.564220444
4,"Average time, time/op",IndexIngestionBenchmark,small,-0.190006575,INVO,1.00997665,500992.909," (rollup = false, rowsPerSegment = 75000, schema = basic)",us/op,addRows,496044.051, io.druid.benchmark.indexing,druid,0,FALSE,1.00997665
5,"Average time, time/op",IndexIngestionBenchmark,negligible,-0.145823035,INVO,1.004112355,501642.94," (rollup = true, rowsPerSegment = 75000, schema = basic)",us/op,addRows,499588.455, io.druid.benchmark.indexing,druid,0,FALSE,1.004112355
0,"Average time, time/op",BindBoolean,large,-1,FORK,1.492523364,7.985,,ns/op,bindBoolean,5.35, org.postgresql.benchmark.statement,pgdbc,0,TRUE,1.492523364
1,"Average time, time/op",BindBoolean,large,-1,FORK,1.095333668,10.915,,ns/op,boolAsBoolean,9.965, org.postgresql.benchmark.statement,pgdbc,0,TRUE,1.095333668
2,"Average time, time/op",BindBoolean,large,-1,FORK,1.178918279,14.931,,ns/op,boolAsInt,12.665, org.postgresql.benchmark.statement,pgdbc,0,TRUE,1.178918279
3,"Average time, time/op",AddPaddingZeros,large,-0.893194707,FORK,1.194947491,76.1785, (nanos = 1000),ns/op,charArray,63.7505, org.postgresql.benchmark.time,pgdbc,0,TRUE,1.194947491
4,"Average time, time/op",AddPaddingZeros,large,-0.872340426,FORK,1.6972229,83.483, (nanos = 1000000),ns/op,charArray,49.188, org.postgresql.benchmark.time,pgdbc,0,TRUE,1.6972229
5,"Average time, time/op",AddPaddingZeros,large,-0.836734694,FORK,1.722423347,93.252, (nanos = 100000000),ns/op,charArray,54.14, org.postgresql.benchmark.time,pgdbc,0,TRUE,1.722423347
6,"Average time, time/op",AddPaddingZeros,large,-1,FORK,4.140892409,113.9615, (nanos = 1000),ns/op,insert,27.521, org.postgresql.benchmark.time,pgdbc,0,TRUE,4.140892409
7,"Average time, time/op",AddPaddingZeros,large,-1,FORK,3.198101505,118.592, (nanos = 1000000),ns/op,insert,37.082, org.postgresql.benchmark.time,pgdbc,0,TRUE,3.198101505
8,"Average time, time/op",AddPaddingZeros,large,-1,FORK,3.510191636,94.9735, (nanos = 100000000),ns/op,insert,27.0565, org.postgresql.benchmark.time,pgdbc,0,TRUE,3.510191636
0,"Average time, time/op",PCACatOnlyPUBDEV3988Bench,large,0.968099081,INVO,0.756526438,137211.8945, (PCAImplementation = JAMA),ns/op,measureImputeMissingScoring,181370.918, hex.pca,h2o-3,0,TRUE,-1.321830871
1,"Average time, time/op",PCACatOnlyPUBDEV3988Bench,large,0.988850311,INVO,0.762780888,138809.731, (PCAImplementation = MTJ_EVD_DENSEMATRIX),ns/op,measureImputeMissingScoring,181978.512, hex.pca,h2o-3,0,TRUE,-1.310992469
2,"Average time, time/op",PCACatOnlyPUBDEV3988Bench,large,0.987346939,INVO,0.76642004,141129.0705, (PCAImplementation = MTJ_EVD_SYMMMATRIX),ns/op,measureImputeMissingScoring,184140.632, hex.pca,h2o-3,0,TRUE,-1.304767553
3,"Average time, time/op",PCACatOnlyPUBDEV3988Bench,large,0.944257092,INVO,0.756427769,138940.145, (PCAImplementation = MTJ_SVD_DENSEMATRIX),ns/op,measureImputeMissingScoring,183679.329, hex.pca,h2o-3,0,TRUE,-1.322003291
4,"Average time, time/op",PCAImputeMissingScoringBench,large,0.913608411,INVO,0.763682384,138574.7075, (PCAImplementation = JAMA),ns/op,measureImputeMissingScoring,181455.9435, hex.pca,h2o-3,0,TRUE,-1.309444896
5,"Average time, time/op",PCAImputeMissingScoringBench,large,0.915991512,INVO,0.760862328,139616.8505, (PCAImplementation = MTJ_EVD_DENSEMATRIX),ns/op,measureImputeMissingScoring,183498.1775, hex.pca,h2o-3,0,TRUE,-1.314298216
6,"Average time, time/op",PCAImputeMissingScoringBench,large,0.970225922,INVO,0.738131049,138143.528, (PCAImplementation = MTJ_EVD_SYMMMATRIX),ns/op,measureImputeMissingScoring,187153.119, hex.pca,h2o-3,0,TRUE,-1.354772979
7,"Average time, time/op",PCAImputeMissingScoringBench,large,0.97110152,INVO,0.765649804,140369.0865, (PCAImplementation = MTJ_SVD_DENSEMATRIX),ns/op,measureImputeMissingScoring,183333.2755, hex.pca,h2o-3,0,TRUE,-1.306080135
8,"Average time, time/op",PCAImputeMissingTrainingBench,small,-0.286666667,INVO,1.1801747,3501221.767, (PCAImplementation = JAMA),ns/op,measureImputeMissingTraining,2966697.868, hex.pca,h2o-3,0,FALSE,1.1801747
9,"Average time, time/op",PCAImputeMissingTrainingBench,small,-0.226666667,INVO,1.154022809,3549159.013, (PCAImplementation = MTJ_EVD_DENSEMATRIX),ns/op,measureImputeMissingTraining,3075466.954, hex.pca,h2o-3,0,FALSE,1.154022809
10,"Average time, time/op",PCAImputeMissingTrainingBench,small,-0.222222222,INVO,1.128563811,3435418.512, (PCAImplementation = MTJ_EVD_SYMMMATRIX),ns/op,measureImputeMissingTraining,3044062.267, hex.pca,h2o-3,0,FALSE,1.128563811
11,"Average time, time/op",PCAImputeMissingTrainingBench,medium,-0.348888889,INVO,1.135519158,3406295.556, (PCAImplementation = MTJ_SVD_DENSEMATRIX),ns/op,measureImputeMissingTraining,2999769.34, hex.pca,h2o-3,0,TRUE,1.135519158
12,"Average time, time/op",PCAWideDataSetsScoringBench,negligible,-0.027611369,INVO,1.036640314,151612.893," (PCAImplementation = JAMA, dataSetCase = 1)",ns/op,measureWideDataSetsBenchScoringCase,146254.097, hex.pca,h2o-3,0,FALSE,1.036640314
13,"Average time, time/op",PCAWideDataSetsScoringBench,negligible,0.127911111,INVO,0.953248441,164164.347," (PCAImplementation = JAMA, dataSetCase = 2)",ns/op,measureWideDataSetsBenchScoringCase,172215.6995, hex.pca,h2o-3,0,FALSE,-1.049044465
14,"Average time, time/op",PCAWideDataSetsScoringBench,small,-0.255022222,INVO,1.272890161,264148.617," (PCAImplementation = JAMA, dataSetCase = 3)",ns/op,measureWideDataSetsBenchScoringCase,207518.783, hex.pca,h2o-3,0,TRUE,1.272890161
15,"Average time, time/op",PCAWideDataSetsScoringBench,negligible,0.007644444,INVO,0.974525111,192169.9195," (PCAImplementation = JAMA, dataSetCase = 4)",ns/op,measureWideDataSetsBenchScoringCase,197193.3995, hex.pca,h2o-3,0,FALSE,-1.026140824
16,"Average time, time/op",PCAWideDataSetsScoringBench,negligible,-0.097875885,INVO,1.013246556,826221," (PCAImplementation = JAMA, dataSetCase = 5)",ns/op,measureWideDataSetsBenchScoringCase,815419.5, hex.pca,h2o-3,0,FALSE,1.013246556
17,"Average time, time/op",PCAWideDataSetsScoringBench,negligible,-0.045808747,INVO,1.029611595,537066," (PCAImplementation = JAMA, dataSetCase = 6)",ns/op,measureWideDataSetsBenchScoringCase,521620, hex.pca,h2o-3,0,FALSE,1.029611595
18,"Average time, time/op",PCAWideDataSetsScoringBench,negligible,0.017168772,INVO,1.007917193,153330.421," (PCAImplementation = MTJ_EVD_DENSEMATRIX, dataSetCase = 1)",ns/op,measureWideDataSetsBenchScoringCase,152126.01, hex.pca,h2o-3,0,FALSE,1.007917193
19,"Average time, time/op",PCAWideDataSetsScoringBench,small,0.236242568,INVO,0.947950012,136948.047," (PCAImplementation = MTJ_EVD_DENSEMATRIX, dataSetCase = 2)",ns/op,measureWideDataSetsBenchScoringCase,144467.583, hex.pca,h2o-3,0,TRUE,-1.054907946
20,"Average time, time/op",PCAWideDataSetsScoringBench,negligible,0.114755556,INVO,0.848552813,219053.937," (PCAImplementation = MTJ_EVD_DENSEMATRIX, dataSetCase = 3)",ns/op,measureWideDataSetsBenchScoringCase,258150.0335, hex.pca,h2o-3,0,FALSE,-1.178477032
21,"Average time, time/op",PCAWideDataSetsScoringBench,negligible,0.123356465,INVO,0.964459786,154573.3015," (PCAImplementation = MTJ_EVD_DENSEMATRIX, dataSetCase = 4)",ns/op,measureWideDataSetsBenchScoringCase,160269.307, hex.pca,h2o-3,0,FALSE,-1.036849866
22,"Average time, time/op",PCAWideDataSetsScoringBench,small,0.165227998,INVO,0.959886893,1064719.5," (PCAImplementation = MTJ_EVD_DENSEMATRIX, dataSetCase = 5)",ns/op,measureWideDataSetsBenchScoringCase,1109213.5, hex.pca,h2o-3,0,FALSE,-1.04178941
23,"Average time, time/op",PCAWideDataSetsScoringBench,negligible,0.076257826,INVO,0.985337823,717792," (PCAImplementation = MTJ_EVD_DENSEMATRIX, dataSetCase = 6)",ns/op,measureWideDataSetsBenchScoringCase,728473, hex.pca,h2o-3,0,FALSE,-1.014880355
24,"Average time, time/op",PCAWideDataSetsScoringBench,negligible,0.05898466,INVO,0.979283587,163397.651," (PCAImplementation = MTJ_EVD_SYMMMATRIX, dataSetCase = 1)",ns/op,measureWideDataSetsBenchScoringCase,166854.273, hex.pca,h2o-3,0,FALSE,-1.021154662
25,"Average time, time/op",PCAWideDataSetsScoringBench,negligible,-0.0304,INVO,0.967309152,157558.93," (PCAImplementation = MTJ_EVD_SYMMMATRIX, dataSetCase = 2)",ns/op,measureWideDataSetsBenchScoringCase,162883.7375, hex.pca,h2o-3,0,FALSE,-1.033795657
26,"Average time, time/op",PCAWideDataSetsScoringBench,negligible,0.011911111,INVO,0.968293059,289196.6045," (PCAImplementation = MTJ_EVD_SYMMMATRIX, dataSetCase = 3)",ns/op,measureWideDataSetsBenchScoringCase,298666.4025, hex.pca,h2o-3,0,FALSE,-1.032745191
27,"Average time, time/op",PCAWideDataSetsScoringBench,negligible,-0.058222222,INVO,1.072008606,205414.164," (PCAImplementation = MTJ_EVD_SYMMMATRIX, dataSetCase = 4)",ns/op,measureWideDataSetsBenchScoringCase,191616.152, hex.pca,h2o-3,0,FALSE,1.072008606
28,"Average time, time/op",PCAWideDataSetsScoringBench,negligible,-0.04019025,INVO,1.023847705,851807.333," (PCAImplementation = MTJ_EVD_SYMMMATRIX, dataSetCase = 5)",ns/op,measureWideDataSetsBenchScoringCase,831966.833, hex.pca,h2o-3,0,FALSE,1.023847705
29,"Average time, time/op",PCAWideDataSetsScoringBench,negligible,-0.104274582,INVO,1.029809244,485898.5," (PCAImplementation = MTJ_EVD_SYMMMATRIX, dataSetCase = 6)",ns/op,measureWideDataSetsBenchScoringCase,471833.5, hex.pca,h2o-3,0,FALSE,1.029809244
30,"Average time, time/op",PCAWideDataSetsScoringBench,negligible,0.056711111,INVO,0.941510599,154927.3415," (PCAImplementation = MTJ_SVD_DENSEMATRIX, dataSetCase = 1)",ns/op,measureWideDataSetsBenchScoringCase,164551.8825, hex.pca,h2o-3,0,FALSE,-1.062122934
31,"Average time, time/op",PCAWideDataSetsScoringBench,negligible,-0.030133333,INVO,1.004807225,161929.2015," (PCAImplementation = MTJ_SVD_DENSEMATRIX, dataSetCase = 2)",ns/op,measureWideDataSetsBenchScoringCase,161154.4955, hex.pca,h2o-3,0,FALSE,1.004807225
32,"Average time, time/op",PCAWideDataSetsScoringBench,negligible,0.084977778,INVO,0.771173258,254498.9645," (PCAImplementation = MTJ_SVD_DENSEMATRIX, dataSetCase = 3)",ns/op,measureWideDataSetsBenchScoringCase,330015.2875, hex.pca,h2o-3,0,FALSE,-1.296725463
33,"Average time, time/op",PCAWideDataSetsScoringBench,negligible,0.036,INVO,0.981830719,186113.9135," (PCAImplementation = MTJ_SVD_DENSEMATRIX, dataSetCase = 4)",ns/op,measureWideDataSetsBenchScoringCase,189558.047, hex.pca,h2o-3,0,FALSE,-1.018505513
34,"Average time, time/op",PCAWideDataSetsScoringBench,negligible,-0.099068663,INVO,1.022867346,854106.125," (PCAImplementation = MTJ_SVD_DENSEMATRIX, dataSetCase = 5)",ns/op,measureWideDataSetsBenchScoringCase,835011.625, hex.pca,h2o-3,0,FALSE,1.022867346
35,"Average time, time/op",PCAWideDataSetsScoringBench,negligible,-0.011756227,INVO,1.03178335,505124.5," (PCAImplementation = MTJ_SVD_DENSEMATRIX, dataSetCase = 6)",ns/op,measureWideDataSetsBenchScoringCase,489564.5, hex.pca,h2o-3,0,FALSE,1.03178335
36,"Average time, time/op",PCAWideDataSetsTrainingBench,negligible,-0.068774629,INVO,1.014737231,4206144.267," (PCAImplementation = JAMA, dataSetCase = 1)",ns/op,measureWideDataSetsBenchTrainingCase,4145057.598, hex.pca,h2o-3,0,FALSE,1.014737231
37,"Average time, time/op",PCAWideDataSetsTrainingBench,negligible,-0.023369892,INVO,1.019127528,4692613.19," (PCAImplementation = JAMA, dataSetCase = 2)",ns/op,measureWideDataSetsBenchTrainingCase,4604539.728, hex.pca,h2o-3,0,FALSE,1.019127528
38,"Average time, time/op",PCAWideDataSetsTrainingBench,small,0.15303141,INVO,0.94376843,4508602.999," (PCAImplementation = JAMA, dataSetCase = 3)",ns/op,measureWideDataSetsBenchTrainingCase,4777234.389, hex.pca,h2o-3,0,FALSE,-1.059581957
39,"Average time, time/op",PCAWideDataSetsTrainingBench,negligible,-0.113403944,INVO,1.042317196,5544793.672," (PCAImplementation = JAMA, dataSetCase = 4)",ns/op,measureWideDataSetsBenchTrainingCase,5319679.74, hex.pca,h2o-3,0,FALSE,1.042317196
40,"Average time, time/op",PCAWideDataSetsTrainingBench,medium,0.380653031,INVO,0.975105935,786157709.3," (PCAImplementation = JAMA, dataSetCase = 5)",ns/op,measureWideDataSetsBenchTrainingCase,806228001.3, hex.pca,h2o-3,0,TRUE,-1.0255296
41,"Average time, time/op",PCAWideDataSetsTrainingBench,small,-0.244156318,INVO,1.008610956,763089452.5," (PCAImplementation = JAMA, dataSetCase = 6)",ns/op,measureWideDataSetsBenchTrainingCase,756574621.8, hex.pca,h2o-3,0,TRUE,1.008610956
42,"Average time, time/op",PCAWideDataSetsTrainingBench,negligible,-0.10833449,INVO,1.0224926,5453149.058," (PCAImplementation = MTJ_EVD_DENSEMATRIX, dataSetCase = 1)",ns/op,measureWideDataSetsBenchTrainingCase,5333191.712, hex.pca,h2o-3,0,FALSE,1.0224926
43,"Average time, time/op",PCAWideDataSetsTrainingBench,negligible,-0.044745464,INVO,1.034112936,5641987.183," (PCAImplementation = MTJ_EVD_DENSEMATRIX, dataSetCase = 2)",ns/op,measureWideDataSetsBenchTrainingCase,5455871.392, hex.pca,h2o-3,0,FALSE,1.034112936
44,"Average time, time/op",PCAWideDataSetsTrainingBench,small,-0.296338003,INVO,1.072914645,6249005.041," (PCAImplementation = MTJ_EVD_DENSEMATRIX, dataSetCase = 3)",ns/op,measureWideDataSetsBenchTrainingCase,5824326.352, hex.pca,h2o-3,0,TRUE,1.072914645
45,"Average time, time/op",PCAWideDataSetsTrainingBench,negligible,0.142804967,INVO,0.979965337,6259261.183," (PCAImplementation = MTJ_EVD_DENSEMATRIX, dataSetCase = 4)",ns/op,measureWideDataSetsBenchTrainingCase,6387227.125, hex.pca,h2o-3,0,FALSE,-1.020444257
46,"Average time, time/op",PCAWideDataSetsTrainingBench,negligible,-0.002452682,INVO,0.994105761,4832588314," (PCAImplementation = MTJ_EVD_DENSEMATRIX, dataSetCase = 5)",ns/op,measureWideDataSetsBenchTrainingCase,4861241635, hex.pca,h2o-3,0,FALSE,-1.005929187
47,"Average time, time/op",PCAWideDataSetsTrainingBench,small,-0.198414486,INVO,1.018851908,4619857834," (PCAImplementation = MTJ_EVD_DENSEMATRIX, dataSetCase = 6)",ns/op,measureWideDataSetsBenchTrainingCase,4534376189, hex.pca,h2o-3,0,TRUE,1.018851908
48,"Average time, time/op",PCAWideDataSetsTrainingBench,negligible,-0.027940102,INVO,1.008132128,3995564.509," (PCAImplementation = MTJ_EVD_SYMMMATRIX, dataSetCase = 1)",ns/op,measureWideDataSetsBenchTrainingCase,3963334.168, hex.pca,h2o-3,0,FALSE,1.008132128
49,"Average time, time/op",PCAWideDataSetsTrainingBench,negligible,-0.012666542,INVO,1.028872889,4373694.047," (PCAImplementation = MTJ_EVD_SYMMMATRIX, dataSetCase = 2)",ns/op,measureWideDataSetsBenchTrainingCase,4250956.647, hex.pca,h2o-3,0,FALSE,1.028872889
50,"Average time, time/op",PCAWideDataSetsTrainingBench,negligible,-0.044010226,INVO,0.991633118,4640256.371," (PCAImplementation = MTJ_EVD_SYMMMATRIX, dataSetCase = 3)",ns/op,measureWideDataSetsBenchTrainingCase,4679408.429, hex.pca,h2o-3,0,FALSE,-1.008437477
51,"Average time, time/op",PCAWideDataSetsTrainingBench,negligible,0.004999775,INVO,1.005408451,5219282.92," (PCAImplementation = MTJ_EVD_SYMMMATRIX, dataSetCase = 4)",ns/op,measureWideDataSetsBenchTrainingCase,5191206.535, hex.pca,h2o-3,0,FALSE,1.005408451
52,"Average time, time/op",PCAWideDataSetsTrainingBench,small,-0.233655953,INVO,1.006309528,167460550.9," (PCAImplementation = MTJ_EVD_SYMMMATRIX, dataSetCase = 5)",ns/op,measureWideDataSetsBenchTrainingCase,166410578.7, hex.pca,h2o-3,0,TRUE,1.006309528
53,"Average time, time/op",PCAWideDataSetsTrainingBench,negligible,0.090917621,INVO,0.998127795,163240872.3," (PCAImplementation = MTJ_EVD_SYMMMATRIX, dataSetCase = 6)",ns/op,measureWideDataSetsBenchTrainingCase,163547065.9, hex.pca,h2o-3,0,FALSE,-1.001875716
54,"Average time, time/op",PCAWideDataSetsTrainingBench,negligible,-0.011245314,INVO,0.997749851,4143418.992," (PCAImplementation = MTJ_SVD_DENSEMATRIX, dataSetCase = 1)",ns/op,measureWideDataSetsBenchTrainingCase,4152763.328, hex.pca,h2o-3,0,FALSE,-1.002255224
55,"Average time, time/op",PCAWideDataSetsTrainingBench,negligible,-0.134922124,INVO,1.015577311,4479377.32," (PCAImplementation = MTJ_SVD_DENSEMATRIX, dataSetCase = 2)",ns/op,measureWideDataSetsBenchTrainingCase,4410670.927, hex.pca,h2o-3,0,FALSE,1.015577311
56,"Average time, time/op",PCAWideDataSetsTrainingBench,negligible,0.030133333,INVO,0.97267655,4675884.18," (PCAImplementation = MTJ_SVD_DENSEMATRIX, dataSetCase = 3)",ns/op,measureWideDataSetsBenchTrainingCase,4807234.409, hex.pca,h2o-3,0,FALSE,-1.028090993
57,"Average time, time/op",PCAWideDataSetsTrainingBench,negligible,0.014700511,INVO,0.971820656,5225802.382," (PCAImplementation = MTJ_SVD_DENSEMATRIX, dataSetCase = 4)",ns/op,measureWideDataSetsBenchTrainingCase,5377332.072, hex.pca,h2o-3,0,FALSE,-1.028996445
58,"Average time, time/op",PCAWideDataSetsTrainingBench,negligible,-0.069511111,INVO,1.002127679,271727921.8," (PCAImplementation = MTJ_SVD_DENSEMATRIX, dataSetCase = 5)",ns/op,measureWideDataSetsBenchTrainingCase,271150999.5, hex.pca,h2o-3,0,FALSE,1.002127679
59,"Average time, time/op",PCAWideDataSetsTrainingBench,negligible,-0.032346939,INVO,1.000341834,266452390.1," (PCAImplementation = MTJ_SVD_DENSEMATRIX, dataSetCase = 6)",ns/op,measureWideDataSetsBenchTrainingCase,266361338.8, hex.pca,h2o-3,0,FALSE,1.000341834
60,"Average time, time/op",GbmMojoScoringBench,negligible,0.134645062,INVO,1.000800254,4670897.067, (rows = 1000),ns/op,measureGbmScore0,4667162.149, hex.tree.gbm,h2o-3,0,FALSE,1.000800254
61,"Average time, time/op",GbmMojoScoringBench,small,0.29742237,INVO,0.997753441,469154968, (rows = 100000),ns/op,measureGbmScore0,470211325.7, hex.tree.gbm,h2o-3,0,TRUE,-1.002251618
0,"Throughput, ops/time",BagAddAllTest,small,-0.204861111,RETU,1.010188068,99.4515,,ops/s,gsc,98.4485, com.gs.collections.impl.jmh,gs-collections,0,FALSE,-1.010188068
1,"Throughput, ops/time",BagAddAllTest,negligible,0.12,RETU,0.995876077,48.539,,ops/s,guava,48.74, com.gs.collections.impl.jmh,gs-collections,0,FALSE,1.004141
2,"Throughput, ops/time",CollectIfTest,medium,0.4144,RETU,0.991058024,105.623,,ops/s,parallel_eager_gsc,106.576, com.gs.collections.impl.jmh,gs-collections,0,FALSE,1.009022656
3,"Throughput, ops/time",CollectIfTest,negligible,0.0336,RETU,1.001335223,97.492,,ops/s,parallel_lazy_gsc,97.362, com.gs.collections.impl.jmh,gs-collections,0,FALSE,-1.001335223
4,"Throughput, ops/time",CollectIfTest,large,0.9648,RETU,0.989190746,65.249,,ops/s,parallel_lazy_jdk,65.962, com.gs.collections.impl.jmh,gs-collections,0,TRUE,1.010927371
5,"Throughput, ops/time",CollectIfTest,large,0.6896,RETU,0.994104422,63.232,,ops/s,parallel_lazy_streams_gsc,63.607, com.gs.collections.impl.jmh,gs-collections,0,TRUE,1.005930541
6,"Throughput, ops/time",CollectIfTest,small,0.149305556,RETU,0.990985594,17.3695,,ops/s,serial_eager_gsc,17.5275, com.gs.collections.impl.jmh,gs-collections,0,FALSE,1.009096405
7,"Throughput, ops/time",CollectIfTest,small,0.1856,RETU,0.989984369,17.1,,ops/s,serial_lazy_gsc,17.273, com.gs.collections.impl.jmh,gs-collections,0,FALSE,1.010116959
8,"Throughput, ops/time",CollectIfTest,negligible,-0.104,RETU,1.011127346,17.992,,ops/s,serial_lazy_jdk,17.794, com.gs.collections.impl.jmh,gs-collections,0,FALSE,-1.011127346
9,"Throughput, ops/time",CollectIfTest,medium,0.4112,RETU,0.9877991,16.678,,ops/s,serial_lazy_streams_gsc,16.884, com.gs.collections.impl.jmh,gs-collections,0,FALSE,1.012351601
10,"Throughput, ops/time",FlatCollectTest,negligible,-0.0432,RETU,1.001472588,301.954,,ops/s,serial_eager_gsc,301.51, com.gs.collections.impl.jmh,gs-collections,0,FALSE,-1.001472588
11,"Throughput, ops/time",FlatCollectTest,negligible,-0.0064,RETU,1.000438359,116.394,,ops/s,serial_lazy_gsc,116.343, com.gs.collections.impl.jmh,gs-collections,0,FALSE,-1.000438359
12,"Throughput, ops/time",FlatCollectTest,negligible,-0.0784,RETU,1.00304404,106.432,,ops/s,serial_lazy_jdk,106.109, com.gs.collections.impl.jmh,gs-collections,0,FALSE,-1.00304404
13,"Throughput, ops/time",FlatCollectTest,small,-0.1648,RETU,1.004547482,92.337,,ops/s,serial_lazy_streams_gsc,91.919, com.gs.collections.impl.jmh,gs-collections,0,FALSE,-1.004547482
14,"Throughput, ops/time",FunctionalInterfaceTest,small,-0.2375,RETU,1.00642886,38.6675, (megamorphicWarmupLevel = 0),ops/s,parallel_lazy_scala,38.4205, com.gs.collections.impl.jmh,gs-collections,0,FALSE,-1.00642886
15,"Throughput, ops/time",FunctionalInterfaceTest,small,-0.159375,RETU,1.004688635,38.035, (megamorphicWarmupLevel = 1),ops/s,parallel_lazy_scala,37.8575, com.gs.collections.impl.jmh,gs-collections,0,FALSE,-1.004688635
16,"Throughput, ops/time",FunctionalInterfaceTest,large,-0.510625,RETU,1.011237146,38.156, (megamorphicWarmupLevel = 2),ops/s,parallel_lazy_scala,37.732, com.gs.collections.impl.jmh,gs-collections,0,TRUE,-1.011237146
17,"Throughput, ops/time",FunctionalInterfaceTest,large,-0.505625,RETU,1.015287782,37.9875, (megamorphicWarmupLevel = 3),ops/s,parallel_lazy_scala,37.4155, com.gs.collections.impl.jmh,gs-collections,0,FALSE,-1.015287782
18,"Throughput, ops/time",FunctionalInterfaceTest,small,-0.14875,RETU,1.063054043,65.2965, (megamorphicWarmupLevel = 0),ops/s,parallel_lazy_scala_hand_coded,61.4235, com.gs.collections.impl.jmh,gs-collections,0,FALSE,-1.063054043
19,"Throughput, ops/time",FunctionalInterfaceTest,negligible,0.0134375,RETU,0.999983265,59.7525, (megamorphicWarmupLevel = 1),ops/s,parallel_lazy_scala_hand_coded,59.7535, com.gs.collections.impl.jmh,gs-collections,0,FALSE,1.000016736
20,"Throughput, ops/time",FunctionalInterfaceTest,small,-0.2459375,RETU,1.00481533,60.723, (megamorphicWarmupLevel = 2),ops/s,parallel_lazy_scala_hand_coded,60.432, com.gs.collections.impl.jmh,gs-collections,0,FALSE,-1.00481533
21,"Throughput, ops/time",FunctionalInterfaceTest,medium,0.40125,RETU,0.98875388,59.5655, (megamorphicWarmupLevel = 3),ops/s,parallel_lazy_scala_hand_coded,60.243, com.gs.collections.impl.jmh,gs-collections,0,TRUE,1.011374034
22,"Throughput, ops/time",FunctionalInterfaceTest,negligible,-0.04501385,RETU,1.000126979,11.8145, (megamorphicWarmupLevel = 0),ops/s,serial_eager_scala,11.813, com.gs.collections.impl.jmh,gs-collections,0,FALSE,-1.000126979
23,"Throughput, ops/time",FunctionalInterfaceTest,negligible,-0.119113573,RETU,1.008997498,9.476, (megamorphicWarmupLevel = 1),ops/s,serial_eager_scala,9.3915, com.gs.collections.impl.jmh,gs-collections,0,FALSE,-1.008997498
24,"Throughput, ops/time",FunctionalInterfaceTest,small,-0.1617357,RETU,1.006468717,9.491, (megamorphicWarmupLevel = 2),ops/s,serial_eager_scala,9.43, com.gs.collections.impl.jmh,gs-collections,0,FALSE,-1.006468717
25,"Throughput, ops/time",FunctionalInterfaceTest,negligible,0.083795014,RETU,0.996535251,9.4915, (megamorphicWarmupLevel = 3),ops/s,serial_eager_scala,9.5245, com.gs.collections.impl.jmh,gs-collections,0,FALSE,1.003476795
26,"Throughput, ops/time",FunctionalInterfaceTest,small,-0.251385042,RETU,1.046642515,16.179, (megamorphicWarmupLevel = 0),ops/s,serial_lazy_scala,15.458, com.gs.collections.impl.jmh,gs-collections,0,FALSE,-1.046642515
27,"Throughput, ops/time",FunctionalInterfaceTest,large,0.495069034,RETU,0.97844893,12.894, (megamorphicWarmupLevel = 1),ops/s,serial_lazy_scala,13.178, com.gs.collections.impl.jmh,gs-collections,0,TRUE,1.022025748
28,"Throughput, ops/time",FunctionalInterfaceTest,small,-0.227839335,RETU,1.008354219,13.277, (megamorphicWarmupLevel = 2),ops/s,serial_lazy_scala,13.167, com.gs.collections.impl.jmh,gs-collections,0,FALSE,-1.008354219
29,"Throughput, ops/time",FunctionalInterfaceTest,negligible,0.064404432,RETU,1.001176873,13.186, (megamorphicWarmupLevel = 3),ops/s,serial_lazy_scala,13.1705, com.gs.collections.impl.jmh,gs-collections,0,FALSE,-1.001176873
30,"Throughput, ops/time",GroupBySetTest,small,0.243125,RETU,0.994394207,14.9005,,ops/s,groupBy_10000_keys_parallel_lazy_scala,14.9845, com.gs.collections.impl.jmh,gs-collections,0,FALSE,1.005637395
31,"Throughput, ops/time",GroupBySetTest,small,-0.29625,RETU,1.021699154,5.556,,ops/s,groupBy_10000_keys_serial_eager_scala,5.438, com.gs.collections.impl.jmh,gs-collections,0,FALSE,-1.021699154
32,"Throughput, ops/time",GroupBySetTest,small,-0.261772853,RETU,1.013290938,7.967,,ops/s,groupBy_10000_keys_serial_lazy_scala,7.8625, com.gs.collections.impl.jmh,gs-collections,0,FALSE,-1.013290938
33,"Throughput, ops/time",GroupBySetTest,small,0.29375,RETU,0.985118669,23.2025,,ops/s,groupBy_100_keys_parallel_lazy_scala,23.553, com.gs.collections.impl.jmh,gs-collections,0,FALSE,1.015106131
34,"Throughput, ops/time",GroupBySetTest,medium,0.355003652,RETU,0.986154281,6.98,,ops/s,groupBy_100_keys_serial_eager_scala,7.078, com.gs.collections.impl.jmh,gs-collections,0,FALSE,1.014040115
35,"Throughput, ops/time",GroupBySetTest,negligible,-0.038132807,RETU,1.000254728,15.707,,ops/s,groupBy_100_keys_serial_lazy_scala,15.703, com.gs.collections.impl.jmh,gs-collections,0,FALSE,-1.000254728
36,"Throughput, ops/time",GroupBySetTest,negligible,-0.094017094,RETU,1.008180466,12.201,,ops/s,groupBy_2_keys_serial_eager_scala,12.102, com.gs.collections.impl.jmh,gs-collections,0,FALSE,-1.008180466
37,"Throughput, ops/time",LongIntMapTest,large,0.6796875,RETU,0.992342055,3.11," (fullyRandom = false, mapSizeDividedBy16000 = 1)",ops/s,presizedPut,3.134, com.gs.collections.impl.jmh,gs-collections,0,TRUE,1.007717042
38,"Throughput, ops/time",LongIntMapTest,negligible,-0.023416169,RETU,1,2.203," (fullyRandom = false, mapSizeDividedBy16000 = 10)",ops/s,presizedPut,2.203, com.gs.collections.impl.jmh,gs-collections,0,FALSE,-1
39,"Throughput, ops/time",LongIntMapTest,medium,-0.41841809,RETU,1.002059732,1.946," (fullyRandom = false, mapSizeDividedBy16000 = 100)",ops/s,presizedPut,1.942, com.gs.collections.impl.jmh,gs-collections,0,TRUE,-1.002059732
40,"Throughput, ops/time",LongIntMapTest,small,-0.206934799,RETU,1.00464876,0.9725," (fullyRandom = false, mapSizeDividedBy16000 = 10000)",ops/s,presizedPut,0.968, com.gs.collections.impl.jmh,gs-collections,0,FALSE,-1.00464876
41,"Throughput, ops/time",LongIntMapTest,negligible,-0.067703272,RETU,0.997854077,0.93," (fullyRandom = false, mapSizeDividedBy16000 = 100000)",ops/s,presizedPut,0.932, com.gs.collections.impl.jmh,gs-collections,0,FALSE,1.002150538
42,"Throughput, ops/time",LongIntMapTest,small,0.198369443,RETU,0.993039918,4.851," (fullyRandom = true, mapSizeDividedBy16000 = 1)",ops/s,presizedPut,4.885, com.gs.collections.impl.jmh,gs-collections,0,FALSE,1.007008864
43,"Throughput, ops/time",LongIntMapTest,large,-0.575955556,RETU,1.04428157,3.4195," (fullyRandom = true, mapSizeDividedBy16000 = 10)",ops/s,presizedPut,3.2745, com.gs.collections.impl.jmh,gs-collections,0,TRUE,-1.04428157
44,"Throughput, ops/time",LongIntMapTest,large,0.917384067,RETU,0.986281588,2.732," (fullyRandom = true, mapSizeDividedBy16000 = 100)",ops/s,presizedPut,2.77, com.gs.collections.impl.jmh,gs-collections,0,TRUE,1.013909224
45,"Throughput, ops/time",LongIntMapTest,small,0.254523578,RETU,0.996036988,1.508," (fullyRandom = true, mapSizeDividedBy16000 = 10000)",ops/s,presizedPut,1.514, com.gs.collections.impl.jmh,gs-collections,0,TRUE,1.00397878
46,"Throughput, ops/time",LongIntMapTest,small,0.188054592,RETU,0.99761194,1.671," (fullyRandom = true, mapSizeDividedBy16000 = 100000)",ops/s,presizedPut,1.675, com.gs.collections.impl.jmh,gs-collections,0,FALSE,1.002393776
47,"Throughput, ops/time",LongIntMapTest,negligible,0.131688889,RETU,0.995600251,3.168," (fullyRandom = false, mapSizeDividedBy16000 = 1)",ops/s,put,3.182, com.gs.collections.impl.jmh,gs-collections,0,FALSE,1.004419192
48,"Throughput, ops/time",LongIntMapTest,negligible,0.015595354,RETU,0.999086758,2.188," (fullyRandom = false, mapSizeDividedBy16000 = 10)",ops/s,put,2.19, com.gs.collections.impl.jmh,gs-collections,0,FALSE,1.000914077
49,"Throughput, ops/time",LongIntMapTest,small,-0.25150122,RETU,1.002077922,1.929," (fullyRandom = false, mapSizeDividedBy16000 = 100)",ops/s,put,1.925, com.gs.collections.impl.jmh,gs-collections,0,FALSE,-1.002077922
50,"Throughput, ops/time",LongIntMapTest,negligible,-0.059465011,RETU,0.997918835,0.959," (fullyRandom = false, mapSizeDividedBy16000 = 10000)",ops/s,put,0.961, com.gs.collections.impl.jmh,gs-collections,0,FALSE,1.002085506
51,"Throughput, ops/time",LongIntMapTest,negligible,-0.087821355,RETU,0.968814969,0.932," (fullyRandom = false, mapSizeDividedBy16000 = 100000)",ops/s,put,0.962, com.gs.collections.impl.jmh,gs-collections,0,FALSE,1.032188841
52,"Throughput, ops/time",LongIntMapTest,large,-0.716977778,RETU,1.038604998,5.569," (fullyRandom = true, mapSizeDividedBy16000 = 1)",ops/s,put,5.362, com.gs.collections.impl.jmh,gs-collections,0,TRUE,-1.038604998
53,"Throughput, ops/time",LongIntMapTest,negligible,-0.062,RETU,0.966846132,3.412," (fullyRandom = true, mapSizeDividedBy16000 = 10)",ops/s,put,3.529, com.gs.collections.impl.jmh,gs-collections,0,FALSE,1.034290739
54,"Throughput, ops/time",LongIntMapTest,small,0.186079874,RETU,0.998551774,2.758," (fullyRandom = true, mapSizeDividedBy16000 = 100)",ops/s,put,2.762, com.gs.collections.impl.jmh,gs-collections,0,FALSE,1.001450326
55,"Throughput, ops/time",LongIntMapTest,small,0.172575676,RETU,0.997350993,1.506," (fullyRandom = true, mapSizeDividedBy16000 = 10000)",ops/s,put,1.51, com.gs.collections.impl.jmh,gs-collections,0,FALSE,1.002656042
56,"Throughput, ops/time",LongIntMapTest,large,0.5439239,RETU,0.955730746,1.576," (fullyRandom = true, mapSizeDividedBy16000 = 100000)",ops/s,put,1.649, com.gs.collections.impl.jmh,gs-collections,0,TRUE,1.046319797
57,"Throughput, ops/time",LongIntMapTest,large,1,RETU,0.910648853,8.077," (fullyRandom = false, mapSizeDividedBy16000 = 1)",ops/s,remove,8.8695, com.gs.collections.impl.jmh,gs-collections,0,TRUE,1.098118113
58,"Throughput, ops/time",LongIntMapTest,medium,0.3972,RETU,0.972352285,6.5415," (fullyRandom = false, mapSizeDividedBy16000 = 10)",ops/s,remove,6.7275, com.gs.collections.impl.jmh,gs-collections,0,TRUE,1.028433845
59,"Throughput, ops/time",LongIntMapTest,small,-0.235079501,RETU,1.004962055,3.443," (fullyRandom = false, mapSizeDividedBy16000 = 100)",ops/s,remove,3.426, com.gs.collections.impl.jmh,gs-collections,0,FALSE,-1.004962055
60,"Throughput, ops/time",LongIntMapTest,medium,-0.34456983,RETU,1.005777008,1.741," (fullyRandom = false, mapSizeDividedBy16000 = 10000)",ops/s,remove,1.731, com.gs.collections.impl.jmh,gs-collections,0,TRUE,-1.005777008
61,"Throughput, ops/time",LongIntMapTest,negligible,-0.007619599,RETU,1.000287853,1.7375," (fullyRandom = false, mapSizeDividedBy16000 = 100000)",ops/s,remove,1.737, com.gs.collections.impl.jmh,gs-collections,0,FALSE,-1.000287853
62,"Throughput, ops/time",LongIntMapTest,large,1,RETU,0.856743997,16.877," (fullyRandom = true, mapSizeDividedBy16000 = 1)",ops/s,remove,19.699, com.gs.collections.impl.jmh,gs-collections,0,TRUE,1.167209812
63,"Throughput, ops/time",LongIntMapTest,large,0.628977778,RETU,0.978461936,7.564," (fullyRandom = true, mapSizeDividedBy16000 = 10)",ops/s,remove,7.7305, com.gs.collections.impl.jmh,gs-collections,0,TRUE,1.022012163
64,"Throughput, ops/time",LongIntMapTest,small,-0.205866667,RETU,0.999718468,7.102," (fullyRandom = true, mapSizeDividedBy16000 = 100)",ops/s,remove,7.104, com.gs.collections.impl.jmh,gs-collections,0,TRUE,1.000281611
65,"Throughput, ops/time",LongIntMapTest,negligible,-0.114438657,RETU,1,2.298," (fullyRandom = true, mapSizeDividedBy16000 = 10000)",ops/s,remove,2.298, com.gs.collections.impl.jmh,gs-collections,0,FALSE,-1
66,"Throughput, ops/time",LongIntMapTest,negligible,-0.079759401,RETU,1.000379795,2.634," (fullyRandom = true, mapSizeDividedBy16000 = 100000)",ops/s,remove,2.633, com.gs.collections.impl.jmh,gs-collections,0,FALSE,-1.000379795
67,"Throughput, ops/time",RejectTest,large,-0.6096,RETU,1.035531527,71.636,,ops/s,serial_eager_gsc,69.178, com.gs.collections.impl.jmh,gs-collections,0,FALSE,-1.035531527
68,"Throughput, ops/time",RejectTest,small,0.2144,RETU,0.9900934,61.165,,ops/s,serial_eager_gsc_select_predicates_not,61.777, com.gs.collections.impl.jmh,gs-collections,0,FALSE,1.010005722
69,"Throughput, ops/time",RejectTest,negligible,-0.0176,RETU,1.001701282,59.468,,ops/s,serial_lazy_gsc,59.367, com.gs.collections.impl.jmh,gs-collections,0,FALSE,-1.001701282
70,"Throughput, ops/time",RejectTest,small,-0.225694444,RETU,1.002880697,47.869,,ops/s,serial_lazy_jdk_lambda_negate,47.7315, com.gs.collections.impl.jmh,gs-collections,0,FALSE,-1.002880697
71,"Throughput, ops/time",RejectTest,negligible,-0.0144,RETU,1.001149643,68.796,,ops/s,serial_lazy_jdk_lambda_not,68.717, com.gs.collections.impl.jmh,gs-collections,0,FALSE,-1.001149643
72,"Throughput, ops/time",RejectTest,large,0.642361111,RETU,0.980265998,47.687,,ops/s,serial_lazy_streams_gsc_lambda_negate,48.647, com.gs.collections.impl.jmh,gs-collections,0,TRUE,1.020131273
73,"Throughput, ops/time",RejectTest,medium,-0.3408,RETU,1.01177174,54.148,,ops/s,serial_lazy_streams_gsc_lambda_not,53.518, com.gs.collections.impl.jmh,gs-collections,0,FALSE,-1.01177174
74,"Throughput, ops/time",SetAddAllTest,small,0.2096,RETU,0.991881559,134.394,,ops/s,gsc,135.494, com.gs.collections.impl.jmh,gs-collections,0,FALSE,1.008184889
75,"Throughput, ops/time",SetAddAllTest,negligible,-0.072,RETU,1.008985223,71.082,,ops/s,jdk,70.449, com.gs.collections.impl.jmh,gs-collections,0,FALSE,-1.008985223
