,Benchmark Mode,Class,Fork,Full Bench,Iteration,Iteration Type,Measurement Unit,Method,Package,Score,Threads,Total Fork,n (Sample),Trial
0,Sampling time,TextEncoderHelperBenchmark,1.0, org.apache.logging.log4j.perf.jmh.TextEncoderHelperBenchmark.serializableMCD,1,warmup,ns/op,serializableMCD, org.apache.logging.log4j.perf.jmh,1124,1,10,22396,2
1,Sampling time,TextEncoderHelperBenchmark,1.0, org.apache.logging.log4j.perf.jmh.TextEncoderHelperBenchmark.serializableMCD,2,warmup,ns/op,serializableMCD, org.apache.logging.log4j.perf.jmh,353,1,10,13022,2
2,Sampling time,TextEncoderHelperBenchmark,1.0, org.apache.logging.log4j.perf.jmh.TextEncoderHelperBenchmark.serializableMCD,3,warmup,ns/op,serializableMCD, org.apache.logging.log4j.perf.jmh,350,1,10,13053,2
3,Sampling time,TextEncoderHelperBenchmark,1.0, org.apache.logging.log4j.perf.jmh.TextEncoderHelperBenchmark.serializableMCD,4,warmup,ns/op,serializableMCD, org.apache.logging.log4j.perf.jmh,349,1,10,12781,2
4,Sampling time,TextEncoderHelperBenchmark,1.0, org.apache.logging.log4j.perf.jmh.TextEncoderHelperBenchmark.serializableMCD,5,warmup,ns/op,serializableMCD, org.apache.logging.log4j.perf.jmh,364,1,10,12915,2
5,Sampling time,TextEncoderHelperBenchmark,1.0, org.apache.logging.log4j.perf.jmh.TextEncoderHelperBenchmark.serializableMCD,6,warmup,ns/op,serializableMCD, org.apache.logging.log4j.perf.jmh,382,1,10,12499,2
6,Sampling time,TextEncoderHelperBenchmark,1.0, org.apache.logging.log4j.perf.jmh.TextEncoderHelperBenchmark.serializableMCD,7,warmup,ns/op,serializableMCD, org.apache.logging.log4j.perf.jmh,364,1,10,12980,2
7,Sampling time,TextEncoderHelperBenchmark,1.0, org.apache.logging.log4j.perf.jmh.TextEncoderHelperBenchmark.serializableMCD,8,warmup,ns/op,serializableMCD, org.apache.logging.log4j.perf.jmh,342,1,10,13905,2
8,Sampling time,TextEncoderHelperBenchmark,1.0, org.apache.logging.log4j.perf.jmh.TextEncoderHelperBenchmark.serializableMCD,9,warmup,ns/op,serializableMCD, org.apache.logging.log4j.perf.jmh,346,1,10,13658,2
9,Sampling time,TextEncoderHelperBenchmark,1.0, org.apache.logging.log4j.perf.jmh.TextEncoderHelperBenchmark.serializableMCD,10,warmup,ns/op,serializableMCD, org.apache.logging.log4j.perf.jmh,371,1,10,12724,2
10,Sampling time,TextEncoderHelperBenchmark,1.0, org.apache.logging.log4j.perf.jmh.TextEncoderHelperBenchmark.serializableMCD,11,warmup,ns/op,serializableMCD, org.apache.logging.log4j.perf.jmh,311,1,10,15190,2
11,Sampling time,TextEncoderHelperBenchmark,1.0, org.apache.logging.log4j.perf.jmh.TextEncoderHelperBenchmark.serializableMCD,12,warmup,ns/op,serializableMCD, org.apache.logging.log4j.perf.jmh,349,1,10,13748,2
12,Sampling time,TextEncoderHelperBenchmark,1.0, org.apache.logging.log4j.perf.jmh.TextEncoderHelperBenchmark.serializableMCD,13,warmup,ns/op,serializableMCD, org.apache.logging.log4j.perf.jmh,350,1,10,13476,2
13,Sampling time,TextEncoderHelperBenchmark,1.0, org.apache.logging.log4j.perf.jmh.TextEncoderHelperBenchmark.serializableMCD,14,warmup,ns/op,serializableMCD, org.apache.logging.log4j.perf.jmh,346,1,10,13774,2
14,Sampling time,TextEncoderHelperBenchmark,1.0, org.apache.logging.log4j.perf.jmh.TextEncoderHelperBenchmark.serializableMCD,15,warmup,ns/op,serializableMCD, org.apache.logging.log4j.perf.jmh,379,1,10,12570,2
15,Sampling time,TextEncoderHelperBenchmark,1.0, org.apache.logging.log4j.perf.jmh.TextEncoderHelperBenchmark.serializableMCD,16,warmup,ns/op,serializableMCD, org.apache.logging.log4j.perf.jmh,595,1,10,13653,2
16,Sampling time,TextEncoderHelperBenchmark,1.0, org.apache.logging.log4j.perf.jmh.TextEncoderHelperBenchmark.serializableMCD,17,warmup,ns/op,serializableMCD, org.apache.logging.log4j.perf.jmh,342,1,10,13914,2
17,Sampling time,TextEncoderHelperBenchmark,1.0, org.apache.logging.log4j.perf.jmh.TextEncoderHelperBenchmark.serializableMCD,18,warmup,ns/op,serializableMCD, org.apache.logging.log4j.perf.jmh,372,1,10,12706,2
18,Sampling time,TextEncoderHelperBenchmark,1.0, org.apache.logging.log4j.perf.jmh.TextEncoderHelperBenchmark.serializableMCD,19,warmup,ns/op,serializableMCD, org.apache.logging.log4j.perf.jmh,370,1,10,12857,2
19,Sampling time,TextEncoderHelperBenchmark,1.0, org.apache.logging.log4j.perf.jmh.TextEncoderHelperBenchmark.serializableMCD,20,warmup,ns/op,serializableMCD, org.apache.logging.log4j.perf.jmh,479,1,10,14189,2
20,Sampling time,TextEncoderHelperBenchmark,1.0, org.apache.logging.log4j.perf.jmh.TextEncoderHelperBenchmark.serializableMCD,1,measured,ns/op,serializableMCD, org.apache.logging.log4j.perf.jmh,373,1,10,12667,2
21,Sampling time,TextEncoderHelperBenchmark,1.0, org.apache.logging.log4j.perf.jmh.TextEncoderHelperBenchmark.serializableMCD,2,measured,ns/op,serializableMCD, org.apache.logging.log4j.perf.jmh,342,1,10,13793,2
22,Sampling time,TextEncoderHelperBenchmark,1.0, org.apache.logging.log4j.perf.jmh.TextEncoderHelperBenchmark.serializableMCD,3,measured,ns/op,serializableMCD, org.apache.logging.log4j.perf.jmh,365,1,10,13001,2
23,Sampling time,TextEncoderHelperBenchmark,1.0, org.apache.logging.log4j.perf.jmh.TextEncoderHelperBenchmark.serializableMCD,4,measured,ns/op,serializableMCD, org.apache.logging.log4j.perf.jmh,345,1,10,13760,2
24,Sampling time,TextEncoderHelperBenchmark,1.0, org.apache.logging.log4j.perf.jmh.TextEncoderHelperBenchmark.serializableMCD,5,measured,ns/op,serializableMCD, org.apache.logging.log4j.perf.jmh,375,1,10,12562,2
25,Sampling time,TextEncoderHelperBenchmark,1.0, org.apache.logging.log4j.perf.jmh.TextEncoderHelperBenchmark.serializableMCD,6,measured,ns/op,serializableMCD, org.apache.logging.log4j.perf.jmh,360,1,10,13140,2
26,Sampling time,TextEncoderHelperBenchmark,1.0, org.apache.logging.log4j.perf.jmh.TextEncoderHelperBenchmark.serializableMCD,7,measured,ns/op,serializableMCD, org.apache.logging.log4j.perf.jmh,341,1,10,13830,2
27,Sampling time,TextEncoderHelperBenchmark,1.0, org.apache.logging.log4j.perf.jmh.TextEncoderHelperBenchmark.serializableMCD,8,measured,ns/op,serializableMCD, org.apache.logging.log4j.perf.jmh,347,1,10,13665,2
28,Sampling time,TextEncoderHelperBenchmark,1.0, org.apache.logging.log4j.perf.jmh.TextEncoderHelperBenchmark.serializableMCD,9,measured,ns/op,serializableMCD, org.apache.logging.log4j.perf.jmh,537,1,10,12914,2
29,Sampling time,TextEncoderHelperBenchmark,1.0, org.apache.logging.log4j.perf.jmh.TextEncoderHelperBenchmark.serializableMCD,10,measured,ns/op,serializableMCD, org.apache.logging.log4j.perf.jmh,360,1,10,13069,2
30,Sampling time,TextEncoderHelperBenchmark,1.0, org.apache.logging.log4j.perf.jmh.TextEncoderHelperBenchmark.serializableMCD,11,measured,ns/op,serializableMCD, org.apache.logging.log4j.perf.jmh,352,1,10,13369,2
31,Sampling time,TextEncoderHelperBenchmark,1.0, org.apache.logging.log4j.perf.jmh.TextEncoderHelperBenchmark.serializableMCD,12,measured,ns/op,serializableMCD, org.apache.logging.log4j.perf.jmh,344,1,10,13851,2
32,Sampling time,TextEncoderHelperBenchmark,1.0, org.apache.logging.log4j.perf.jmh.TextEncoderHelperBenchmark.serializableMCD,13,measured,ns/op,serializableMCD, org.apache.logging.log4j.perf.jmh,339,1,10,13975,2
33,Sampling time,TextEncoderHelperBenchmark,1.0, org.apache.logging.log4j.perf.jmh.TextEncoderHelperBenchmark.serializableMCD,14,measured,ns/op,serializableMCD, org.apache.logging.log4j.perf.jmh,341,1,10,14015,2
34,Sampling time,TextEncoderHelperBenchmark,1.0, org.apache.logging.log4j.perf.jmh.TextEncoderHelperBenchmark.serializableMCD,15,measured,ns/op,serializableMCD, org.apache.logging.log4j.perf.jmh,355,1,10,13361,2
35,Sampling time,TextEncoderHelperBenchmark,1.0, org.apache.logging.log4j.perf.jmh.TextEncoderHelperBenchmark.serializableMCD,16,measured,ns/op,serializableMCD, org.apache.logging.log4j.perf.jmh,340,1,10,13873,2
36,Sampling time,TextEncoderHelperBenchmark,1.0, org.apache.logging.log4j.perf.jmh.TextEncoderHelperBenchmark.serializableMCD,17,measured,ns/op,serializableMCD, org.apache.logging.log4j.perf.jmh,495,1,10,13683,2
37,Sampling time,TextEncoderHelperBenchmark,1.0, org.apache.logging.log4j.perf.jmh.TextEncoderHelperBenchmark.serializableMCD,18,measured,ns/op,serializableMCD, org.apache.logging.log4j.perf.jmh,349,1,10,13534,2
38,Sampling time,TextEncoderHelperBenchmark,1.0, org.apache.logging.log4j.perf.jmh.TextEncoderHelperBenchmark.serializableMCD,19,measured,ns/op,serializableMCD, org.apache.logging.log4j.perf.jmh,343,1,10,13759,2
39,Sampling time,TextEncoderHelperBenchmark,1.0, org.apache.logging.log4j.perf.jmh.TextEncoderHelperBenchmark.serializableMCD,20,measured,ns/op,serializableMCD, org.apache.logging.log4j.perf.jmh,350,1,10,13469,2
40,Sampling time,TextEncoderHelperBenchmark,2.0, org.apache.logging.log4j.perf.jmh.TextEncoderHelperBenchmark.serializableMCD,1,warmup,ns/op,serializableMCD, org.apache.logging.log4j.perf.jmh,1254,1,10,22630,2
41,Sampling time,TextEncoderHelperBenchmark,2.0, org.apache.logging.log4j.perf.jmh.TextEncoderHelperBenchmark.serializableMCD,2,warmup,ns/op,serializableMCD, org.apache.logging.log4j.perf.jmh,377,1,10,13310,2
42,Sampling time,TextEncoderHelperBenchmark,2.0, org.apache.logging.log4j.perf.jmh.TextEncoderHelperBenchmark.serializableMCD,3,warmup,ns/op,serializableMCD, org.apache.logging.log4j.perf.jmh,341,1,10,13089,2
43,Sampling time,TextEncoderHelperBenchmark,2.0, org.apache.logging.log4j.perf.jmh.TextEncoderHelperBenchmark.serializableMCD,4,warmup,ns/op,serializableMCD, org.apache.logging.log4j.perf.jmh,338,1,10,13297,2
44,Sampling time,TextEncoderHelperBenchmark,2.0, org.apache.logging.log4j.perf.jmh.TextEncoderHelperBenchmark.serializableMCD,5,warmup,ns/op,serializableMCD, org.apache.logging.log4j.perf.jmh,328,1,10,14160,2
45,Sampling time,TextEncoderHelperBenchmark,2.0, org.apache.logging.log4j.perf.jmh.TextEncoderHelperBenchmark.serializableMCD,6,warmup,ns/op,serializableMCD, org.apache.logging.log4j.perf.jmh,330,1,10,14093,2
46,Sampling time,TextEncoderHelperBenchmark,2.0, org.apache.logging.log4j.perf.jmh.TextEncoderHelperBenchmark.serializableMCD,7,warmup,ns/op,serializableMCD, org.apache.logging.log4j.perf.jmh,330,1,10,14046,2
47,Sampling time,TextEncoderHelperBenchmark,2.0, org.apache.logging.log4j.perf.jmh.TextEncoderHelperBenchmark.serializableMCD,8,warmup,ns/op,serializableMCD, org.apache.logging.log4j.perf.jmh,356,1,10,13284,2
48,Sampling time,TextEncoderHelperBenchmark,2.0, org.apache.logging.log4j.perf.jmh.TextEncoderHelperBenchmark.serializableMCD,9,warmup,ns/op,serializableMCD, org.apache.logging.log4j.perf.jmh,323,1,10,14384,2
49,Sampling time,TextEncoderHelperBenchmark,2.0, org.apache.logging.log4j.perf.jmh.TextEncoderHelperBenchmark.serializableMCD,10,warmup,ns/op,serializableMCD, org.apache.logging.log4j.perf.jmh,323,1,10,14327,2
50,Sampling time,TextEncoderHelperBenchmark,2.0, org.apache.logging.log4j.perf.jmh.TextEncoderHelperBenchmark.serializableMCD,11,warmup,ns/op,serializableMCD, org.apache.logging.log4j.perf.jmh,353,1,10,13169,2
51,Sampling time,TextEncoderHelperBenchmark,2.0, org.apache.logging.log4j.perf.jmh.TextEncoderHelperBenchmark.serializableMCD,12,warmup,ns/op,serializableMCD, org.apache.logging.log4j.perf.jmh,330,1,10,13893,2
52,Sampling time,TextEncoderHelperBenchmark,2.0, org.apache.logging.log4j.perf.jmh.TextEncoderHelperBenchmark.serializableMCD,13,warmup,ns/op,serializableMCD, org.apache.logging.log4j.perf.jmh,328,1,10,14143,2
53,Sampling time,TextEncoderHelperBenchmark,2.0, org.apache.logging.log4j.perf.jmh.TextEncoderHelperBenchmark.serializableMCD,14,warmup,ns/op,serializableMCD, org.apache.logging.log4j.perf.jmh,328,1,10,14266,2
54,Sampling time,TextEncoderHelperBenchmark,2.0, org.apache.logging.log4j.perf.jmh.TextEncoderHelperBenchmark.serializableMCD,15,warmup,ns/op,serializableMCD, org.apache.logging.log4j.perf.jmh,352,1,10,13234,2
55,Sampling time,TextEncoderHelperBenchmark,2.0, org.apache.logging.log4j.perf.jmh.TextEncoderHelperBenchmark.serializableMCD,16,warmup,ns/op,serializableMCD, org.apache.logging.log4j.perf.jmh,347,1,10,13343,2
56,Sampling time,TextEncoderHelperBenchmark,2.0, org.apache.logging.log4j.perf.jmh.TextEncoderHelperBenchmark.serializableMCD,17,warmup,ns/op,serializableMCD, org.apache.logging.log4j.perf.jmh,328,1,10,14111,2
57,Sampling time,TextEncoderHelperBenchmark,2.0, org.apache.logging.log4j.perf.jmh.TextEncoderHelperBenchmark.serializableMCD,18,warmup,ns/op,serializableMCD, org.apache.logging.log4j.perf.jmh,337,1,10,13703,2
58,Sampling time,TextEncoderHelperBenchmark,2.0, org.apache.logging.log4j.perf.jmh.TextEncoderHelperBenchmark.serializableMCD,19,warmup,ns/op,serializableMCD, org.apache.logging.log4j.perf.jmh,332,1,10,13942,2
59,Sampling time,TextEncoderHelperBenchmark,2.0, org.apache.logging.log4j.perf.jmh.TextEncoderHelperBenchmark.serializableMCD,20,warmup,ns/op,serializableMCD, org.apache.logging.log4j.perf.jmh,355,1,10,12985,2
60,Sampling time,TextEncoderHelperBenchmark,2.0, org.apache.logging.log4j.perf.jmh.TextEncoderHelperBenchmark.serializableMCD,1,measured,ns/op,serializableMCD, org.apache.logging.log4j.perf.jmh,334,1,10,13845,2
61,Sampling time,TextEncoderHelperBenchmark,2.0, org.apache.logging.log4j.perf.jmh.TextEncoderHelperBenchmark.serializableMCD,2,measured,ns/op,serializableMCD, org.apache.logging.log4j.perf.jmh,357,1,10,12978,2
62,Sampling time,TextEncoderHelperBenchmark,2.0, org.apache.logging.log4j.perf.jmh.TextEncoderHelperBenchmark.serializableMCD,3,measured,ns/op,serializableMCD, org.apache.logging.log4j.perf.jmh,334,1,10,13782,2
63,Sampling time,TextEncoderHelperBenchmark,2.0, org.apache.logging.log4j.perf.jmh.TextEncoderHelperBenchmark.serializableMCD,4,measured,ns/op,serializableMCD, org.apache.logging.log4j.perf.jmh,331,1,10,13942,2
64,Sampling time,TextEncoderHelperBenchmark,2.0, org.apache.logging.log4j.perf.jmh.TextEncoderHelperBenchmark.serializableMCD,5,measured,ns/op,serializableMCD, org.apache.logging.log4j.perf.jmh,338,1,10,13612,2
65,Sampling time,TextEncoderHelperBenchmark,2.0, org.apache.logging.log4j.perf.jmh.TextEncoderHelperBenchmark.serializableMCD,6,measured,ns/op,serializableMCD, org.apache.logging.log4j.perf.jmh,357,1,10,12858,2
66,Sampling time,TextEncoderHelperBenchmark,2.0, org.apache.logging.log4j.perf.jmh.TextEncoderHelperBenchmark.serializableMCD,7,measured,ns/op,serializableMCD, org.apache.logging.log4j.perf.jmh,353,1,10,13090,2
67,Sampling time,TextEncoderHelperBenchmark,2.0, org.apache.logging.log4j.perf.jmh.TextEncoderHelperBenchmark.serializableMCD,8,measured,ns/op,serializableMCD, org.apache.logging.log4j.perf.jmh,330,1,10,13942,2
68,Sampling time,TextEncoderHelperBenchmark,2.0, org.apache.logging.log4j.perf.jmh.TextEncoderHelperBenchmark.serializableMCD,9,measured,ns/op,serializableMCD, org.apache.logging.log4j.perf.jmh,329,1,10,14029,2
69,Sampling time,TextEncoderHelperBenchmark,2.0, org.apache.logging.log4j.perf.jmh.TextEncoderHelperBenchmark.serializableMCD,10,measured,ns/op,serializableMCD, org.apache.logging.log4j.perf.jmh,335,1,10,13766,2
70,Sampling time,TextEncoderHelperBenchmark,2.0, org.apache.logging.log4j.perf.jmh.TextEncoderHelperBenchmark.serializableMCD,11,measured,ns/op,serializableMCD, org.apache.logging.log4j.perf.jmh,333,1,10,13895,2
71,Sampling time,TextEncoderHelperBenchmark,2.0, org.apache.logging.log4j.perf.jmh.TextEncoderHelperBenchmark.serializableMCD,12,measured,ns/op,serializableMCD, org.apache.logging.log4j.perf.jmh,358,1,10,12876,2
72,Sampling time,TextEncoderHelperBenchmark,2.0, org.apache.logging.log4j.perf.jmh.TextEncoderHelperBenchmark.serializableMCD,13,measured,ns/op,serializableMCD, org.apache.logging.log4j.perf.jmh,330,1,10,13954,2
73,Sampling time,TextEncoderHelperBenchmark,2.0, org.apache.logging.log4j.perf.jmh.TextEncoderHelperBenchmark.serializableMCD,14,measured,ns/op,serializableMCD, org.apache.logging.log4j.perf.jmh,333,1,10,13809,2
74,Sampling time,TextEncoderHelperBenchmark,2.0, org.apache.logging.log4j.perf.jmh.TextEncoderHelperBenchmark.serializableMCD,15,measured,ns/op,serializableMCD, org.apache.logging.log4j.perf.jmh,333,1,10,13882,2
75,Sampling time,TextEncoderHelperBenchmark,2.0, org.apache.logging.log4j.perf.jmh.TextEncoderHelperBenchmark.serializableMCD,16,measured,ns/op,serializableMCD, org.apache.logging.log4j.perf.jmh,355,1,10,12934,2
76,Sampling time,TextEncoderHelperBenchmark,2.0, org.apache.logging.log4j.perf.jmh.TextEncoderHelperBenchmark.serializableMCD,17,measured,ns/op,serializableMCD, org.apache.logging.log4j.perf.jmh,335,1,10,13761,2
77,Sampling time,TextEncoderHelperBenchmark,2.0, org.apache.logging.log4j.perf.jmh.TextEncoderHelperBenchmark.serializableMCD,18,measured,ns/op,serializableMCD, org.apache.logging.log4j.perf.jmh,328,1,10,14072,2
78,Sampling time,TextEncoderHelperBenchmark,2.0, org.apache.logging.log4j.perf.jmh.TextEncoderHelperBenchmark.serializableMCD,19,measured,ns/op,serializableMCD, org.apache.logging.log4j.perf.jmh,334,1,10,13854,2
79,Sampling time,TextEncoderHelperBenchmark,2.0, org.apache.logging.log4j.perf.jmh.TextEncoderHelperBenchmark.serializableMCD,20,measured,ns/op,serializableMCD, org.apache.logging.log4j.perf.jmh,324,1,10,14217,2
80,Sampling time,TextEncoderHelperBenchmark,3.0, org.apache.logging.log4j.perf.jmh.TextEncoderHelperBenchmark.serializableMCD,1,warmup,ns/op,serializableMCD, org.apache.logging.log4j.perf.jmh,934,1,10,24262,2
81,Sampling time,TextEncoderHelperBenchmark,3.0, org.apache.logging.log4j.perf.jmh.TextEncoderHelperBenchmark.serializableMCD,2,warmup,ns/op,serializableMCD, org.apache.logging.log4j.perf.jmh,326,1,10,13605,2
82,Sampling time,TextEncoderHelperBenchmark,3.0, org.apache.logging.log4j.perf.jmh.TextEncoderHelperBenchmark.serializableMCD,3,warmup,ns/op,serializableMCD, org.apache.logging.log4j.perf.jmh,362,1,10,12620,2
83,Sampling time,TextEncoderHelperBenchmark,3.0, org.apache.logging.log4j.perf.jmh.TextEncoderHelperBenchmark.serializableMCD,4,warmup,ns/op,serializableMCD, org.apache.logging.log4j.perf.jmh,385,1,10,12325,2
84,Sampling time,TextEncoderHelperBenchmark,3.0, org.apache.logging.log4j.perf.jmh.TextEncoderHelperBenchmark.serializableMCD,5,warmup,ns/op,serializableMCD, org.apache.logging.log4j.perf.jmh,352,1,10,13463,2
85,Sampling time,TextEncoderHelperBenchmark,3.0, org.apache.logging.log4j.perf.jmh.TextEncoderHelperBenchmark.serializableMCD,6,warmup,ns/op,serializableMCD, org.apache.logging.log4j.perf.jmh,346,1,10,13714,2
86,Sampling time,TextEncoderHelperBenchmark,3.0, org.apache.logging.log4j.perf.jmh.TextEncoderHelperBenchmark.serializableMCD,7,warmup,ns/op,serializableMCD, org.apache.logging.log4j.perf.jmh,369,1,10,12768,2
87,Sampling time,TextEncoderHelperBenchmark,3.0, org.apache.logging.log4j.perf.jmh.TextEncoderHelperBenchmark.serializableMCD,8,warmup,ns/op,serializableMCD, org.apache.logging.log4j.perf.jmh,349,1,10,13722,2
88,Sampling time,TextEncoderHelperBenchmark,3.0, org.apache.logging.log4j.perf.jmh.TextEncoderHelperBenchmark.serializableMCD,9,warmup,ns/op,serializableMCD, org.apache.logging.log4j.perf.jmh,370,1,10,12886,2
89,Sampling time,TextEncoderHelperBenchmark,3.0, org.apache.logging.log4j.perf.jmh.TextEncoderHelperBenchmark.serializableMCD,10,warmup,ns/op,serializableMCD, org.apache.logging.log4j.perf.jmh,376,1,10,12747,2
90,Sampling time,TextEncoderHelperBenchmark,3.0, org.apache.logging.log4j.perf.jmh.TextEncoderHelperBenchmark.serializableMCD,11,warmup,ns/op,serializableMCD, org.apache.logging.log4j.perf.jmh,378,1,10,12640,2
91,Sampling time,TextEncoderHelperBenchmark,3.0, org.apache.logging.log4j.perf.jmh.TextEncoderHelperBenchmark.serializableMCD,12,warmup,ns/op,serializableMCD, org.apache.logging.log4j.perf.jmh,370,1,10,12928,2
92,Sampling time,TextEncoderHelperBenchmark,3.0, org.apache.logging.log4j.perf.jmh.TextEncoderHelperBenchmark.serializableMCD,13,warmup,ns/op,serializableMCD, org.apache.logging.log4j.perf.jmh,352,1,10,13670,2
93,Sampling time,TextEncoderHelperBenchmark,3.0, org.apache.logging.log4j.perf.jmh.TextEncoderHelperBenchmark.serializableMCD,14,warmup,ns/op,serializableMCD, org.apache.logging.log4j.perf.jmh,349,1,10,13798,2
94,Sampling time,TextEncoderHelperBenchmark,3.0, org.apache.logging.log4j.perf.jmh.TextEncoderHelperBenchmark.serializableMCD,15,warmup,ns/op,serializableMCD, org.apache.logging.log4j.perf.jmh,379,1,10,12677,2
95,Sampling time,TextEncoderHelperBenchmark,3.0, org.apache.logging.log4j.perf.jmh.TextEncoderHelperBenchmark.serializableMCD,16,warmup,ns/op,serializableMCD, org.apache.logging.log4j.perf.jmh,376,1,10,12677,2
96,Sampling time,TextEncoderHelperBenchmark,3.0, org.apache.logging.log4j.perf.jmh.TextEncoderHelperBenchmark.serializableMCD,17,warmup,ns/op,serializableMCD, org.apache.logging.log4j.perf.jmh,350,1,10,13728,2
97,Sampling time,TextEncoderHelperBenchmark,3.0, org.apache.logging.log4j.perf.jmh.TextEncoderHelperBenchmark.serializableMCD,18,warmup,ns/op,serializableMCD, org.apache.logging.log4j.perf.jmh,351,1,10,13652,2
98,Sampling time,TextEncoderHelperBenchmark,3.0, org.apache.logging.log4j.perf.jmh.TextEncoderHelperBenchmark.serializableMCD,19,warmup,ns/op,serializableMCD, org.apache.logging.log4j.perf.jmh,349,1,10,13701,2
99,Sampling time,TextEncoderHelperBenchmark,3.0, org.apache.logging.log4j.perf.jmh.TextEncoderHelperBenchmark.serializableMCD,20,warmup,ns/op,serializableMCD, org.apache.logging.log4j.perf.jmh,350,1,10,13739,2
100,Sampling time,TextEncoderHelperBenchmark,3.0, org.apache.logging.log4j.perf.jmh.TextEncoderHelperBenchmark.serializableMCD,1,measured,ns/op,serializableMCD, org.apache.logging.log4j.perf.jmh,395,1,10,12174,2
101,Sampling time,TextEncoderHelperBenchmark,3.0, org.apache.logging.log4j.perf.jmh.TextEncoderHelperBenchmark.serializableMCD,2,measured,ns/op,serializableMCD, org.apache.logging.log4j.perf.jmh,350,1,10,13649,2
102,Sampling time,TextEncoderHelperBenchmark,3.0, org.apache.logging.log4j.perf.jmh.TextEncoderHelperBenchmark.serializableMCD,3,measured,ns/op,serializableMCD, org.apache.logging.log4j.perf.jmh,350,1,10,13631,2
103,Sampling time,TextEncoderHelperBenchmark,3.0, org.apache.logging.log4j.perf.jmh.TextEncoderHelperBenchmark.serializableMCD,4,measured,ns/op,serializableMCD, org.apache.logging.log4j.perf.jmh,352,1,10,13581,2
104,Sampling time,TextEncoderHelperBenchmark,3.0, org.apache.logging.log4j.perf.jmh.TextEncoderHelperBenchmark.serializableMCD,5,measured,ns/op,serializableMCD, org.apache.logging.log4j.perf.jmh,348,1,10,13624,2
105,Sampling time,TextEncoderHelperBenchmark,3.0, org.apache.logging.log4j.perf.jmh.TextEncoderHelperBenchmark.serializableMCD,6,measured,ns/op,serializableMCD, org.apache.logging.log4j.perf.jmh,381,1,10,12495,2
106,Sampling time,TextEncoderHelperBenchmark,3.0, org.apache.logging.log4j.perf.jmh.TextEncoderHelperBenchmark.serializableMCD,7,measured,ns/op,serializableMCD, org.apache.logging.log4j.perf.jmh,377,1,10,12662,2
107,Sampling time,TextEncoderHelperBenchmark,3.0, org.apache.logging.log4j.perf.jmh.TextEncoderHelperBenchmark.serializableMCD,8,measured,ns/op,serializableMCD, org.apache.logging.log4j.perf.jmh,358,1,10,13299,2
108,Sampling time,TextEncoderHelperBenchmark,3.0, org.apache.logging.log4j.perf.jmh.TextEncoderHelperBenchmark.serializableMCD,9,measured,ns/op,serializableMCD, org.apache.logging.log4j.perf.jmh,352,1,10,13621,2
109,Sampling time,TextEncoderHelperBenchmark,3.0, org.apache.logging.log4j.perf.jmh.TextEncoderHelperBenchmark.serializableMCD,10,measured,ns/op,serializableMCD, org.apache.logging.log4j.perf.jmh,352,1,10,13610,2
110,Sampling time,TextEncoderHelperBenchmark,3.0, org.apache.logging.log4j.perf.jmh.TextEncoderHelperBenchmark.serializableMCD,11,measured,ns/op,serializableMCD, org.apache.logging.log4j.perf.jmh,352,1,10,13561,2
111,Sampling time,TextEncoderHelperBenchmark,3.0, org.apache.logging.log4j.perf.jmh.TextEncoderHelperBenchmark.serializableMCD,12,measured,ns/op,serializableMCD, org.apache.logging.log4j.perf.jmh,351,1,10,13567,2
112,Sampling time,TextEncoderHelperBenchmark,3.0, org.apache.logging.log4j.perf.jmh.TextEncoderHelperBenchmark.serializableMCD,13,measured,ns/op,serializableMCD, org.apache.logging.log4j.perf.jmh,375,1,10,12639,2
113,Sampling time,TextEncoderHelperBenchmark,3.0, org.apache.logging.log4j.perf.jmh.TextEncoderHelperBenchmark.serializableMCD,14,measured,ns/op,serializableMCD, org.apache.logging.log4j.perf.jmh,352,1,10,13554,2
114,Sampling time,TextEncoderHelperBenchmark,3.0, org.apache.logging.log4j.perf.jmh.TextEncoderHelperBenchmark.serializableMCD,15,measured,ns/op,serializableMCD, org.apache.logging.log4j.perf.jmh,530,1,10,12520,2
115,Sampling time,TextEncoderHelperBenchmark,3.0, org.apache.logging.log4j.perf.jmh.TextEncoderHelperBenchmark.serializableMCD,16,measured,ns/op,serializableMCD, org.apache.logging.log4j.perf.jmh,374,1,10,12669,2
116,Sampling time,TextEncoderHelperBenchmark,3.0, org.apache.logging.log4j.perf.jmh.TextEncoderHelperBenchmark.serializableMCD,17,measured,ns/op,serializableMCD, org.apache.logging.log4j.perf.jmh,351,1,10,13522,2
117,Sampling time,TextEncoderHelperBenchmark,3.0, org.apache.logging.log4j.perf.jmh.TextEncoderHelperBenchmark.serializableMCD,18,measured,ns/op,serializableMCD, org.apache.logging.log4j.perf.jmh,352,1,10,13514,2
118,Sampling time,TextEncoderHelperBenchmark,3.0, org.apache.logging.log4j.perf.jmh.TextEncoderHelperBenchmark.serializableMCD,19,measured,ns/op,serializableMCD, org.apache.logging.log4j.perf.jmh,353,1,10,13547,2
119,Sampling time,TextEncoderHelperBenchmark,3.0, org.apache.logging.log4j.perf.jmh.TextEncoderHelperBenchmark.serializableMCD,20,measured,ns/op,serializableMCD, org.apache.logging.log4j.perf.jmh,351,1,10,13592,2
120,Sampling time,TextEncoderHelperBenchmark,4.0, org.apache.logging.log4j.perf.jmh.TextEncoderHelperBenchmark.serializableMCD,1,warmup,ns/op,serializableMCD, org.apache.logging.log4j.perf.jmh,967,1,10,23480,2
121,Sampling time,TextEncoderHelperBenchmark,4.0, org.apache.logging.log4j.perf.jmh.TextEncoderHelperBenchmark.serializableMCD,2,warmup,ns/op,serializableMCD, org.apache.logging.log4j.perf.jmh,365,1,10,13301,2
122,Sampling time,TextEncoderHelperBenchmark,4.0, org.apache.logging.log4j.perf.jmh.TextEncoderHelperBenchmark.serializableMCD,3,warmup,ns/op,serializableMCD, org.apache.logging.log4j.perf.jmh,340,1,10,13255,2
123,Sampling time,TextEncoderHelperBenchmark,4.0, org.apache.logging.log4j.perf.jmh.TextEncoderHelperBenchmark.serializableMCD,4,warmup,ns/op,serializableMCD, org.apache.logging.log4j.perf.jmh,357,1,10,12766,2
124,Sampling time,TextEncoderHelperBenchmark,4.0, org.apache.logging.log4j.perf.jmh.TextEncoderHelperBenchmark.serializableMCD,5,warmup,ns/op,serializableMCD, org.apache.logging.log4j.perf.jmh,363,1,10,13047,2
125,Sampling time,TextEncoderHelperBenchmark,4.0, org.apache.logging.log4j.perf.jmh.TextEncoderHelperBenchmark.serializableMCD,6,warmup,ns/op,serializableMCD, org.apache.logging.log4j.perf.jmh,404,1,10,11259,2
126,Sampling time,TextEncoderHelperBenchmark,4.0, org.apache.logging.log4j.perf.jmh.TextEncoderHelperBenchmark.serializableMCD,7,warmup,ns/op,serializableMCD, org.apache.logging.log4j.perf.jmh,350,1,10,13255,2
127,Sampling time,TextEncoderHelperBenchmark,4.0, org.apache.logging.log4j.perf.jmh.TextEncoderHelperBenchmark.serializableMCD,8,warmup,ns/op,serializableMCD, org.apache.logging.log4j.perf.jmh,335,1,10,14123,2
128,Sampling time,TextEncoderHelperBenchmark,4.0, org.apache.logging.log4j.perf.jmh.TextEncoderHelperBenchmark.serializableMCD,9,warmup,ns/op,serializableMCD, org.apache.logging.log4j.perf.jmh,321,1,10,14559,2
129,Sampling time,TextEncoderHelperBenchmark,4.0, org.apache.logging.log4j.perf.jmh.TextEncoderHelperBenchmark.serializableMCD,10,warmup,ns/op,serializableMCD, org.apache.logging.log4j.perf.jmh,360,1,10,13198,2
130,Sampling time,TextEncoderHelperBenchmark,4.0, org.apache.logging.log4j.perf.jmh.TextEncoderHelperBenchmark.serializableMCD,11,warmup,ns/op,serializableMCD, org.apache.logging.log4j.perf.jmh,353,1,10,13374,2
131,Sampling time,TextEncoderHelperBenchmark,4.0, org.apache.logging.log4j.perf.jmh.TextEncoderHelperBenchmark.serializableMCD,12,warmup,ns/op,serializableMCD, org.apache.logging.log4j.perf.jmh,363,1,10,13119,2
132,Sampling time,TextEncoderHelperBenchmark,4.0, org.apache.logging.log4j.perf.jmh.TextEncoderHelperBenchmark.serializableMCD,13,warmup,ns/op,serializableMCD, org.apache.logging.log4j.perf.jmh,338,1,10,13893,2
133,Sampling time,TextEncoderHelperBenchmark,4.0, org.apache.logging.log4j.perf.jmh.TextEncoderHelperBenchmark.serializableMCD,14,warmup,ns/op,serializableMCD, org.apache.logging.log4j.perf.jmh,336,1,10,13888,2
134,Sampling time,TextEncoderHelperBenchmark,4.0, org.apache.logging.log4j.perf.jmh.TextEncoderHelperBenchmark.serializableMCD,15,warmup,ns/op,serializableMCD, org.apache.logging.log4j.perf.jmh,331,1,10,14283,2
135,Sampling time,TextEncoderHelperBenchmark,4.0, org.apache.logging.log4j.perf.jmh.TextEncoderHelperBenchmark.serializableMCD,16,warmup,ns/op,serializableMCD, org.apache.logging.log4j.perf.jmh,333,1,10,14227,2
136,Sampling time,TextEncoderHelperBenchmark,4.0, org.apache.logging.log4j.perf.jmh.TextEncoderHelperBenchmark.serializableMCD,17,warmup,ns/op,serializableMCD, org.apache.logging.log4j.perf.jmh,303,1,10,15629,2
137,Sampling time,TextEncoderHelperBenchmark,4.0, org.apache.logging.log4j.perf.jmh.TextEncoderHelperBenchmark.serializableMCD,18,warmup,ns/op,serializableMCD, org.apache.logging.log4j.perf.jmh,343,1,10,13692,2
138,Sampling time,TextEncoderHelperBenchmark,4.0, org.apache.logging.log4j.perf.jmh.TextEncoderHelperBenchmark.serializableMCD,19,warmup,ns/op,serializableMCD, org.apache.logging.log4j.perf.jmh,334,1,10,14266,2
139,Sampling time,TextEncoderHelperBenchmark,4.0, org.apache.logging.log4j.perf.jmh.TextEncoderHelperBenchmark.serializableMCD,20,warmup,ns/op,serializableMCD, org.apache.logging.log4j.perf.jmh,333,1,10,14121,2
140,Sampling time,TextEncoderHelperBenchmark,4.0, org.apache.logging.log4j.perf.jmh.TextEncoderHelperBenchmark.serializableMCD,1,measured,ns/op,serializableMCD, org.apache.logging.log4j.perf.jmh,361,1,10,12983,2
141,Sampling time,TextEncoderHelperBenchmark,4.0, org.apache.logging.log4j.perf.jmh.TextEncoderHelperBenchmark.serializableMCD,2,measured,ns/op,serializableMCD, org.apache.logging.log4j.perf.jmh,359,1,10,13192,2
142,Sampling time,TextEncoderHelperBenchmark,4.0, org.apache.logging.log4j.perf.jmh.TextEncoderHelperBenchmark.serializableMCD,3,measured,ns/op,serializableMCD, org.apache.logging.log4j.perf.jmh,353,1,10,13301,2
143,Sampling time,TextEncoderHelperBenchmark,4.0, org.apache.logging.log4j.perf.jmh.TextEncoderHelperBenchmark.serializableMCD,4,measured,ns/op,serializableMCD, org.apache.logging.log4j.perf.jmh,338,1,10,14095,2
144,Sampling time,TextEncoderHelperBenchmark,4.0, org.apache.logging.log4j.perf.jmh.TextEncoderHelperBenchmark.serializableMCD,5,measured,ns/op,serializableMCD, org.apache.logging.log4j.perf.jmh,337,1,10,14000,2
145,Sampling time,TextEncoderHelperBenchmark,4.0, org.apache.logging.log4j.perf.jmh.TextEncoderHelperBenchmark.serializableMCD,6,measured,ns/op,serializableMCD, org.apache.logging.log4j.perf.jmh,342,1,10,13872,2
146,Sampling time,TextEncoderHelperBenchmark,4.0, org.apache.logging.log4j.perf.jmh.TextEncoderHelperBenchmark.serializableMCD,7,measured,ns/op,serializableMCD, org.apache.logging.log4j.perf.jmh,339,1,10,14095,2
147,Sampling time,TextEncoderHelperBenchmark,4.0, org.apache.logging.log4j.perf.jmh.TextEncoderHelperBenchmark.serializableMCD,8,measured,ns/op,serializableMCD, org.apache.logging.log4j.perf.jmh,362,1,10,13159,2
148,Sampling time,TextEncoderHelperBenchmark,4.0, org.apache.logging.log4j.perf.jmh.TextEncoderHelperBenchmark.serializableMCD,9,measured,ns/op,serializableMCD, org.apache.logging.log4j.perf.jmh,337,1,10,14042,2
149,Sampling time,TextEncoderHelperBenchmark,4.0, org.apache.logging.log4j.perf.jmh.TextEncoderHelperBenchmark.serializableMCD,10,measured,ns/op,serializableMCD, org.apache.logging.log4j.perf.jmh,338,1,10,14070,2
150,Sampling time,TextEncoderHelperBenchmark,4.0, org.apache.logging.log4j.perf.jmh.TextEncoderHelperBenchmark.serializableMCD,11,measured,ns/op,serializableMCD, org.apache.logging.log4j.perf.jmh,360,1,10,13113,2
151,Sampling time,TextEncoderHelperBenchmark,4.0, org.apache.logging.log4j.perf.jmh.TextEncoderHelperBenchmark.serializableMCD,12,measured,ns/op,serializableMCD, org.apache.logging.log4j.perf.jmh,359,1,10,13141,2
152,Sampling time,TextEncoderHelperBenchmark,4.0, org.apache.logging.log4j.perf.jmh.TextEncoderHelperBenchmark.serializableMCD,13,measured,ns/op,serializableMCD, org.apache.logging.log4j.perf.jmh,339,1,10,13980,2
153,Sampling time,TextEncoderHelperBenchmark,4.0, org.apache.logging.log4j.perf.jmh.TextEncoderHelperBenchmark.serializableMCD,14,measured,ns/op,serializableMCD, org.apache.logging.log4j.perf.jmh,417,1,10,11387,2
154,Sampling time,TextEncoderHelperBenchmark,4.0, org.apache.logging.log4j.perf.jmh.TextEncoderHelperBenchmark.serializableMCD,15,measured,ns/op,serializableMCD, org.apache.logging.log4j.perf.jmh,364,1,10,12963,2
155,Sampling time,TextEncoderHelperBenchmark,4.0, org.apache.logging.log4j.perf.jmh.TextEncoderHelperBenchmark.serializableMCD,16,measured,ns/op,serializableMCD, org.apache.logging.log4j.perf.jmh,391,1,10,12024,2
156,Sampling time,TextEncoderHelperBenchmark,4.0, org.apache.logging.log4j.perf.jmh.TextEncoderHelperBenchmark.serializableMCD,17,measured,ns/op,serializableMCD, org.apache.logging.log4j.perf.jmh,383,1,10,12379,2
157,Sampling time,TextEncoderHelperBenchmark,4.0, org.apache.logging.log4j.perf.jmh.TextEncoderHelperBenchmark.serializableMCD,18,measured,ns/op,serializableMCD, org.apache.logging.log4j.perf.jmh,394,1,10,11917,2
158,Sampling time,TextEncoderHelperBenchmark,4.0, org.apache.logging.log4j.perf.jmh.TextEncoderHelperBenchmark.serializableMCD,19,measured,ns/op,serializableMCD, org.apache.logging.log4j.perf.jmh,366,1,10,12878,2
159,Sampling time,TextEncoderHelperBenchmark,4.0, org.apache.logging.log4j.perf.jmh.TextEncoderHelperBenchmark.serializableMCD,20,measured,ns/op,serializableMCD, org.apache.logging.log4j.perf.jmh,405,1,10,11588,2
160,Sampling time,TextEncoderHelperBenchmark,5.0, org.apache.logging.log4j.perf.jmh.TextEncoderHelperBenchmark.serializableMCD,1,warmup,ns/op,serializableMCD, org.apache.logging.log4j.perf.jmh,1460,1,10,23622,2
161,Sampling time,TextEncoderHelperBenchmark,5.0, org.apache.logging.log4j.perf.jmh.TextEncoderHelperBenchmark.serializableMCD,2,warmup,ns/op,serializableMCD, org.apache.logging.log4j.perf.jmh,340,1,10,14761,2
162,Sampling time,TextEncoderHelperBenchmark,5.0, org.apache.logging.log4j.perf.jmh.TextEncoderHelperBenchmark.serializableMCD,3,warmup,ns/op,serializableMCD, org.apache.logging.log4j.perf.jmh,345,1,10,12344,2
163,Sampling time,TextEncoderHelperBenchmark,5.0, org.apache.logging.log4j.perf.jmh.TextEncoderHelperBenchmark.serializableMCD,4,warmup,ns/op,serializableMCD, org.apache.logging.log4j.perf.jmh,365,1,10,12878,2
164,Sampling time,TextEncoderHelperBenchmark,5.0, org.apache.logging.log4j.perf.jmh.TextEncoderHelperBenchmark.serializableMCD,5,warmup,ns/op,serializableMCD, org.apache.logging.log4j.perf.jmh,354,1,10,13220,2
165,Sampling time,TextEncoderHelperBenchmark,5.0, org.apache.logging.log4j.perf.jmh.TextEncoderHelperBenchmark.serializableMCD,6,warmup,ns/op,serializableMCD, org.apache.logging.log4j.perf.jmh,361,1,10,11188,2
166,Sampling time,TextEncoderHelperBenchmark,5.0, org.apache.logging.log4j.perf.jmh.TextEncoderHelperBenchmark.serializableMCD,7,warmup,ns/op,serializableMCD, org.apache.logging.log4j.perf.jmh,478,1,10,13381,2
167,Sampling time,TextEncoderHelperBenchmark,5.0, org.apache.logging.log4j.perf.jmh.TextEncoderHelperBenchmark.serializableMCD,8,warmup,ns/op,serializableMCD, org.apache.logging.log4j.perf.jmh,356,1,10,13097,2
168,Sampling time,TextEncoderHelperBenchmark,5.0, org.apache.logging.log4j.perf.jmh.TextEncoderHelperBenchmark.serializableMCD,9,warmup,ns/op,serializableMCD, org.apache.logging.log4j.perf.jmh,371,1,10,12517,2
169,Sampling time,TextEncoderHelperBenchmark,5.0, org.apache.logging.log4j.perf.jmh.TextEncoderHelperBenchmark.serializableMCD,10,warmup,ns/op,serializableMCD, org.apache.logging.log4j.perf.jmh,354,1,10,13282,2
170,Sampling time,TextEncoderHelperBenchmark,5.0, org.apache.logging.log4j.perf.jmh.TextEncoderHelperBenchmark.serializableMCD,11,warmup,ns/op,serializableMCD, org.apache.logging.log4j.perf.jmh,331,1,10,14268,2
171,Sampling time,TextEncoderHelperBenchmark,5.0, org.apache.logging.log4j.perf.jmh.TextEncoderHelperBenchmark.serializableMCD,12,warmup,ns/op,serializableMCD, org.apache.logging.log4j.perf.jmh,338,1,10,13930,2
172,Sampling time,TextEncoderHelperBenchmark,5.0, org.apache.logging.log4j.perf.jmh.TextEncoderHelperBenchmark.serializableMCD,13,warmup,ns/op,serializableMCD, org.apache.logging.log4j.perf.jmh,359,1,10,13075,2
173,Sampling time,TextEncoderHelperBenchmark,5.0, org.apache.logging.log4j.perf.jmh.TextEncoderHelperBenchmark.serializableMCD,14,warmup,ns/op,serializableMCD, org.apache.logging.log4j.perf.jmh,347,1,10,13676,2
174,Sampling time,TextEncoderHelperBenchmark,5.0, org.apache.logging.log4j.perf.jmh.TextEncoderHelperBenchmark.serializableMCD,15,warmup,ns/op,serializableMCD, org.apache.logging.log4j.perf.jmh,341,1,10,13948,2
175,Sampling time,TextEncoderHelperBenchmark,5.0, org.apache.logging.log4j.perf.jmh.TextEncoderHelperBenchmark.serializableMCD,16,warmup,ns/op,serializableMCD, org.apache.logging.log4j.perf.jmh,340,1,10,13877,2
176,Sampling time,TextEncoderHelperBenchmark,5.0, org.apache.logging.log4j.perf.jmh.TextEncoderHelperBenchmark.serializableMCD,17,warmup,ns/op,serializableMCD, org.apache.logging.log4j.perf.jmh,340,1,10,13961,2
177,Sampling time,TextEncoderHelperBenchmark,5.0, org.apache.logging.log4j.perf.jmh.TextEncoderHelperBenchmark.serializableMCD,18,warmup,ns/op,serializableMCD, org.apache.logging.log4j.perf.jmh,337,1,10,13953,2
178,Sampling time,TextEncoderHelperBenchmark,5.0, org.apache.logging.log4j.perf.jmh.TextEncoderHelperBenchmark.serializableMCD,19,warmup,ns/op,serializableMCD, org.apache.logging.log4j.perf.jmh,337,1,10,13990,2
179,Sampling time,TextEncoderHelperBenchmark,5.0, org.apache.logging.log4j.perf.jmh.TextEncoderHelperBenchmark.serializableMCD,20,warmup,ns/op,serializableMCD, org.apache.logging.log4j.perf.jmh,334,1,10,13941,2
180,Sampling time,TextEncoderHelperBenchmark,5.0, org.apache.logging.log4j.perf.jmh.TextEncoderHelperBenchmark.serializableMCD,1,measured,ns/op,serializableMCD, org.apache.logging.log4j.perf.jmh,342,1,10,13650,2
181,Sampling time,TextEncoderHelperBenchmark,5.0, org.apache.logging.log4j.perf.jmh.TextEncoderHelperBenchmark.serializableMCD,2,measured,ns/op,serializableMCD, org.apache.logging.log4j.perf.jmh,367,1,10,12937,2
182,Sampling time,TextEncoderHelperBenchmark,5.0, org.apache.logging.log4j.perf.jmh.TextEncoderHelperBenchmark.serializableMCD,3,measured,ns/op,serializableMCD, org.apache.logging.log4j.perf.jmh,336,1,10,14056,2
183,Sampling time,TextEncoderHelperBenchmark,5.0, org.apache.logging.log4j.perf.jmh.TextEncoderHelperBenchmark.serializableMCD,4,measured,ns/op,serializableMCD, org.apache.logging.log4j.perf.jmh,336,1,10,13893,2
184,Sampling time,TextEncoderHelperBenchmark,5.0, org.apache.logging.log4j.perf.jmh.TextEncoderHelperBenchmark.serializableMCD,5,measured,ns/op,serializableMCD, org.apache.logging.log4j.perf.jmh,339,1,10,13893,2
185,Sampling time,TextEncoderHelperBenchmark,5.0, org.apache.logging.log4j.perf.jmh.TextEncoderHelperBenchmark.serializableMCD,6,measured,ns/op,serializableMCD, org.apache.logging.log4j.perf.jmh,362,1,10,13003,2
186,Sampling time,TextEncoderHelperBenchmark,5.0, org.apache.logging.log4j.perf.jmh.TextEncoderHelperBenchmark.serializableMCD,7,measured,ns/op,serializableMCD, org.apache.logging.log4j.perf.jmh,332,1,10,14064,2
187,Sampling time,TextEncoderHelperBenchmark,5.0, org.apache.logging.log4j.perf.jmh.TextEncoderHelperBenchmark.serializableMCD,8,measured,ns/op,serializableMCD, org.apache.logging.log4j.perf.jmh,361,1,10,12902,2
188,Sampling time,TextEncoderHelperBenchmark,5.0, org.apache.logging.log4j.perf.jmh.TextEncoderHelperBenchmark.serializableMCD,9,measured,ns/op,serializableMCD, org.apache.logging.log4j.perf.jmh,335,1,10,13958,2
189,Sampling time,TextEncoderHelperBenchmark,5.0, org.apache.logging.log4j.perf.jmh.TextEncoderHelperBenchmark.serializableMCD,10,measured,ns/op,serializableMCD, org.apache.logging.log4j.perf.jmh,335,1,10,14088,2
190,Sampling time,TextEncoderHelperBenchmark,5.0, org.apache.logging.log4j.perf.jmh.TextEncoderHelperBenchmark.serializableMCD,11,measured,ns/op,serializableMCD, org.apache.logging.log4j.perf.jmh,336,1,10,13947,2
191,Sampling time,TextEncoderHelperBenchmark,5.0, org.apache.logging.log4j.perf.jmh.TextEncoderHelperBenchmark.serializableMCD,12,measured,ns/op,serializableMCD, org.apache.logging.log4j.perf.jmh,338,1,10,13933,2
192,Sampling time,TextEncoderHelperBenchmark,5.0, org.apache.logging.log4j.perf.jmh.TextEncoderHelperBenchmark.serializableMCD,13,measured,ns/op,serializableMCD, org.apache.logging.log4j.perf.jmh,387,1,10,12147,2
193,Sampling time,TextEncoderHelperBenchmark,5.0, org.apache.logging.log4j.perf.jmh.TextEncoderHelperBenchmark.serializableMCD,14,measured,ns/op,serializableMCD, org.apache.logging.log4j.perf.jmh,356,1,10,13189,2
194,Sampling time,TextEncoderHelperBenchmark,5.0, org.apache.logging.log4j.perf.jmh.TextEncoderHelperBenchmark.serializableMCD,15,measured,ns/op,serializableMCD, org.apache.logging.log4j.perf.jmh,340,1,10,13833,2
195,Sampling time,TextEncoderHelperBenchmark,5.0, org.apache.logging.log4j.perf.jmh.TextEncoderHelperBenchmark.serializableMCD,16,measured,ns/op,serializableMCD, org.apache.logging.log4j.perf.jmh,337,1,10,13923,2
196,Sampling time,TextEncoderHelperBenchmark,5.0, org.apache.logging.log4j.perf.jmh.TextEncoderHelperBenchmark.serializableMCD,17,measured,ns/op,serializableMCD, org.apache.logging.log4j.perf.jmh,333,1,10,14013,2
197,Sampling time,TextEncoderHelperBenchmark,5.0, org.apache.logging.log4j.perf.jmh.TextEncoderHelperBenchmark.serializableMCD,18,measured,ns/op,serializableMCD, org.apache.logging.log4j.perf.jmh,335,1,10,14028,2
198,Sampling time,TextEncoderHelperBenchmark,5.0, org.apache.logging.log4j.perf.jmh.TextEncoderHelperBenchmark.serializableMCD,19,measured,ns/op,serializableMCD, org.apache.logging.log4j.perf.jmh,336,1,10,13895,2
199,Sampling time,TextEncoderHelperBenchmark,5.0, org.apache.logging.log4j.perf.jmh.TextEncoderHelperBenchmark.serializableMCD,20,measured,ns/op,serializableMCD, org.apache.logging.log4j.perf.jmh,338,1,10,13842,2
200,Sampling time,TextEncoderHelperBenchmark,6.0, org.apache.logging.log4j.perf.jmh.TextEncoderHelperBenchmark.serializableMCD,1,warmup,ns/op,serializableMCD, org.apache.logging.log4j.perf.jmh,1121,1,10,22535,2
201,Sampling time,TextEncoderHelperBenchmark,6.0, org.apache.logging.log4j.perf.jmh.TextEncoderHelperBenchmark.serializableMCD,2,warmup,ns/op,serializableMCD, org.apache.logging.log4j.perf.jmh,367,1,10,13323,2
202,Sampling time,TextEncoderHelperBenchmark,6.0, org.apache.logging.log4j.perf.jmh.TextEncoderHelperBenchmark.serializableMCD,3,warmup,ns/op,serializableMCD, org.apache.logging.log4j.perf.jmh,357,1,10,12528,2
203,Sampling time,TextEncoderHelperBenchmark,6.0, org.apache.logging.log4j.perf.jmh.TextEncoderHelperBenchmark.serializableMCD,4,warmup,ns/op,serializableMCD, org.apache.logging.log4j.perf.jmh,340,1,10,13025,2
204,Sampling time,TextEncoderHelperBenchmark,6.0, org.apache.logging.log4j.perf.jmh.TextEncoderHelperBenchmark.serializableMCD,5,warmup,ns/op,serializableMCD, org.apache.logging.log4j.perf.jmh,365,1,10,12917,2
205,Sampling time,TextEncoderHelperBenchmark,6.0, org.apache.logging.log4j.perf.jmh.TextEncoderHelperBenchmark.serializableMCD,6,warmup,ns/op,serializableMCD, org.apache.logging.log4j.perf.jmh,339,1,10,13925,2
206,Sampling time,TextEncoderHelperBenchmark,6.0, org.apache.logging.log4j.perf.jmh.TextEncoderHelperBenchmark.serializableMCD,7,warmup,ns/op,serializableMCD, org.apache.logging.log4j.perf.jmh,332,1,10,13921,2
207,Sampling time,TextEncoderHelperBenchmark,6.0, org.apache.logging.log4j.perf.jmh.TextEncoderHelperBenchmark.serializableMCD,8,warmup,ns/op,serializableMCD, org.apache.logging.log4j.perf.jmh,366,1,10,12908,2
208,Sampling time,TextEncoderHelperBenchmark,6.0, org.apache.logging.log4j.perf.jmh.TextEncoderHelperBenchmark.serializableMCD,9,warmup,ns/op,serializableMCD, org.apache.logging.log4j.perf.jmh,359,1,10,13105,2
209,Sampling time,TextEncoderHelperBenchmark,6.0, org.apache.logging.log4j.perf.jmh.TextEncoderHelperBenchmark.serializableMCD,10,warmup,ns/op,serializableMCD, org.apache.logging.log4j.perf.jmh,331,1,10,14164,2
210,Sampling time,TextEncoderHelperBenchmark,6.0, org.apache.logging.log4j.perf.jmh.TextEncoderHelperBenchmark.serializableMCD,11,warmup,ns/op,serializableMCD, org.apache.logging.log4j.perf.jmh,660,1,10,13902,2
211,Sampling time,TextEncoderHelperBenchmark,6.0, org.apache.logging.log4j.perf.jmh.TextEncoderHelperBenchmark.serializableMCD,12,warmup,ns/op,serializableMCD, org.apache.logging.log4j.perf.jmh,338,1,10,13847,2
212,Sampling time,TextEncoderHelperBenchmark,6.0, org.apache.logging.log4j.perf.jmh.TextEncoderHelperBenchmark.serializableMCD,13,warmup,ns/op,serializableMCD, org.apache.logging.log4j.perf.jmh,330,1,10,13999,2
213,Sampling time,TextEncoderHelperBenchmark,6.0, org.apache.logging.log4j.perf.jmh.TextEncoderHelperBenchmark.serializableMCD,14,warmup,ns/op,serializableMCD, org.apache.logging.log4j.perf.jmh,329,1,10,14072,2
214,Sampling time,TextEncoderHelperBenchmark,6.0, org.apache.logging.log4j.perf.jmh.TextEncoderHelperBenchmark.serializableMCD,15,warmup,ns/op,serializableMCD, org.apache.logging.log4j.perf.jmh,339,1,10,13830,2
215,Sampling time,TextEncoderHelperBenchmark,6.0, org.apache.logging.log4j.perf.jmh.TextEncoderHelperBenchmark.serializableMCD,16,warmup,ns/op,serializableMCD, org.apache.logging.log4j.perf.jmh,331,1,10,14205,2
216,Sampling time,TextEncoderHelperBenchmark,6.0, org.apache.logging.log4j.perf.jmh.TextEncoderHelperBenchmark.serializableMCD,17,warmup,ns/op,serializableMCD, org.apache.logging.log4j.perf.jmh,363,1,10,12891,2
217,Sampling time,TextEncoderHelperBenchmark,6.0, org.apache.logging.log4j.perf.jmh.TextEncoderHelperBenchmark.serializableMCD,18,warmup,ns/op,serializableMCD, org.apache.logging.log4j.perf.jmh,330,1,10,14057,2
218,Sampling time,TextEncoderHelperBenchmark,6.0, org.apache.logging.log4j.perf.jmh.TextEncoderHelperBenchmark.serializableMCD,19,warmup,ns/op,serializableMCD, org.apache.logging.log4j.perf.jmh,362,1,10,12939,2
219,Sampling time,TextEncoderHelperBenchmark,6.0, org.apache.logging.log4j.perf.jmh.TextEncoderHelperBenchmark.serializableMCD,20,warmup,ns/op,serializableMCD, org.apache.logging.log4j.perf.jmh,335,1,10,13967,2
220,Sampling time,TextEncoderHelperBenchmark,6.0, org.apache.logging.log4j.perf.jmh.TextEncoderHelperBenchmark.serializableMCD,1,measured,ns/op,serializableMCD, org.apache.logging.log4j.perf.jmh,335,1,10,13922,2
221,Sampling time,TextEncoderHelperBenchmark,6.0, org.apache.logging.log4j.perf.jmh.TextEncoderHelperBenchmark.serializableMCD,2,measured,ns/op,serializableMCD, org.apache.logging.log4j.perf.jmh,346,1,10,13538,2
222,Sampling time,TextEncoderHelperBenchmark,6.0, org.apache.logging.log4j.perf.jmh.TextEncoderHelperBenchmark.serializableMCD,3,measured,ns/op,serializableMCD, org.apache.logging.log4j.perf.jmh,330,1,10,14103,2
223,Sampling time,TextEncoderHelperBenchmark,6.0, org.apache.logging.log4j.perf.jmh.TextEncoderHelperBenchmark.serializableMCD,4,measured,ns/op,serializableMCD, org.apache.logging.log4j.perf.jmh,341,1,10,13696,2
224,Sampling time,TextEncoderHelperBenchmark,6.0, org.apache.logging.log4j.perf.jmh.TextEncoderHelperBenchmark.serializableMCD,5,measured,ns/op,serializableMCD, org.apache.logging.log4j.perf.jmh,335,1,10,13894,2
225,Sampling time,TextEncoderHelperBenchmark,6.0, org.apache.logging.log4j.perf.jmh.TextEncoderHelperBenchmark.serializableMCD,6,measured,ns/op,serializableMCD, org.apache.logging.log4j.perf.jmh,297,1,10,15625,2
226,Sampling time,TextEncoderHelperBenchmark,6.0, org.apache.logging.log4j.perf.jmh.TextEncoderHelperBenchmark.serializableMCD,7,measured,ns/op,serializableMCD, org.apache.logging.log4j.perf.jmh,330,1,10,14012,2
227,Sampling time,TextEncoderHelperBenchmark,6.0, org.apache.logging.log4j.perf.jmh.TextEncoderHelperBenchmark.serializableMCD,8,measured,ns/op,serializableMCD, org.apache.logging.log4j.perf.jmh,337,1,10,13810,2
228,Sampling time,TextEncoderHelperBenchmark,6.0, org.apache.logging.log4j.perf.jmh.TextEncoderHelperBenchmark.serializableMCD,9,measured,ns/op,serializableMCD, org.apache.logging.log4j.perf.jmh,361,1,10,12938,2
229,Sampling time,TextEncoderHelperBenchmark,6.0, org.apache.logging.log4j.perf.jmh.TextEncoderHelperBenchmark.serializableMCD,10,measured,ns/op,serializableMCD, org.apache.logging.log4j.perf.jmh,358,1,10,12955,2
230,Sampling time,TextEncoderHelperBenchmark,6.0, org.apache.logging.log4j.perf.jmh.TextEncoderHelperBenchmark.serializableMCD,11,measured,ns/op,serializableMCD, org.apache.logging.log4j.perf.jmh,410,1,10,11306,2
231,Sampling time,TextEncoderHelperBenchmark,6.0, org.apache.logging.log4j.perf.jmh.TextEncoderHelperBenchmark.serializableMCD,12,measured,ns/op,serializableMCD, org.apache.logging.log4j.perf.jmh,345,1,10,13519,2
232,Sampling time,TextEncoderHelperBenchmark,6.0, org.apache.logging.log4j.perf.jmh.TextEncoderHelperBenchmark.serializableMCD,13,measured,ns/op,serializableMCD, org.apache.logging.log4j.perf.jmh,363,1,10,12937,2
233,Sampling time,TextEncoderHelperBenchmark,6.0, org.apache.logging.log4j.perf.jmh.TextEncoderHelperBenchmark.serializableMCD,14,measured,ns/op,serializableMCD, org.apache.logging.log4j.perf.jmh,336,1,10,13929,2
234,Sampling time,TextEncoderHelperBenchmark,6.0, org.apache.logging.log4j.perf.jmh.TextEncoderHelperBenchmark.serializableMCD,15,measured,ns/op,serializableMCD, org.apache.logging.log4j.perf.jmh,334,1,10,13839,2
235,Sampling time,TextEncoderHelperBenchmark,6.0, org.apache.logging.log4j.perf.jmh.TextEncoderHelperBenchmark.serializableMCD,16,measured,ns/op,serializableMCD, org.apache.logging.log4j.perf.jmh,336,1,10,13865,2
236,Sampling time,TextEncoderHelperBenchmark,6.0, org.apache.logging.log4j.perf.jmh.TextEncoderHelperBenchmark.serializableMCD,17,measured,ns/op,serializableMCD, org.apache.logging.log4j.perf.jmh,410,1,10,11377,2
237,Sampling time,TextEncoderHelperBenchmark,6.0, org.apache.logging.log4j.perf.jmh.TextEncoderHelperBenchmark.serializableMCD,18,measured,ns/op,serializableMCD, org.apache.logging.log4j.perf.jmh,348,1,10,13410,2
238,Sampling time,TextEncoderHelperBenchmark,6.0, org.apache.logging.log4j.perf.jmh.TextEncoderHelperBenchmark.serializableMCD,19,measured,ns/op,serializableMCD, org.apache.logging.log4j.perf.jmh,336,1,10,13898,2
239,Sampling time,TextEncoderHelperBenchmark,6.0, org.apache.logging.log4j.perf.jmh.TextEncoderHelperBenchmark.serializableMCD,20,measured,ns/op,serializableMCD, org.apache.logging.log4j.perf.jmh,363,1,10,12789,2
240,Sampling time,TextEncoderHelperBenchmark,7.0, org.apache.logging.log4j.perf.jmh.TextEncoderHelperBenchmark.serializableMCD,1,warmup,ns/op,serializableMCD, org.apache.logging.log4j.perf.jmh,888,1,10,23864,2
241,Sampling time,TextEncoderHelperBenchmark,7.0, org.apache.logging.log4j.perf.jmh.TextEncoderHelperBenchmark.serializableMCD,2,warmup,ns/op,serializableMCD, org.apache.logging.log4j.perf.jmh,335,1,10,13700,2
242,Sampling time,TextEncoderHelperBenchmark,7.0, org.apache.logging.log4j.perf.jmh.TextEncoderHelperBenchmark.serializableMCD,3,warmup,ns/op,serializableMCD, org.apache.logging.log4j.perf.jmh,339,1,10,13154,2
243,Sampling time,TextEncoderHelperBenchmark,7.0, org.apache.logging.log4j.perf.jmh.TextEncoderHelperBenchmark.serializableMCD,4,warmup,ns/op,serializableMCD, org.apache.logging.log4j.perf.jmh,333,1,10,13672,2
244,Sampling time,TextEncoderHelperBenchmark,7.0, org.apache.logging.log4j.perf.jmh.TextEncoderHelperBenchmark.serializableMCD,5,warmup,ns/op,serializableMCD, org.apache.logging.log4j.perf.jmh,335,1,10,13966,2
245,Sampling time,TextEncoderHelperBenchmark,7.0, org.apache.logging.log4j.perf.jmh.TextEncoderHelperBenchmark.serializableMCD,6,warmup,ns/op,serializableMCD, org.apache.logging.log4j.perf.jmh,460,1,10,11750,2
246,Sampling time,TextEncoderHelperBenchmark,7.0, org.apache.logging.log4j.perf.jmh.TextEncoderHelperBenchmark.serializableMCD,7,warmup,ns/op,serializableMCD, org.apache.logging.log4j.perf.jmh,349,1,10,13518,2
247,Sampling time,TextEncoderHelperBenchmark,7.0, org.apache.logging.log4j.perf.jmh.TextEncoderHelperBenchmark.serializableMCD,8,warmup,ns/op,serializableMCD, org.apache.logging.log4j.perf.jmh,341,1,10,13857,2
248,Sampling time,TextEncoderHelperBenchmark,7.0, org.apache.logging.log4j.perf.jmh.TextEncoderHelperBenchmark.serializableMCD,9,warmup,ns/op,serializableMCD, org.apache.logging.log4j.perf.jmh,323,1,10,14572,2
249,Sampling time,TextEncoderHelperBenchmark,7.0, org.apache.logging.log4j.perf.jmh.TextEncoderHelperBenchmark.serializableMCD,10,warmup,ns/op,serializableMCD, org.apache.logging.log4j.perf.jmh,333,1,10,14180,2
250,Sampling time,TextEncoderHelperBenchmark,7.0, org.apache.logging.log4j.perf.jmh.TextEncoderHelperBenchmark.serializableMCD,11,warmup,ns/op,serializableMCD, org.apache.logging.log4j.perf.jmh,394,1,10,12014,2
251,Sampling time,TextEncoderHelperBenchmark,7.0, org.apache.logging.log4j.perf.jmh.TextEncoderHelperBenchmark.serializableMCD,12,warmup,ns/op,serializableMCD, org.apache.logging.log4j.perf.jmh,342,1,10,13882,2
252,Sampling time,TextEncoderHelperBenchmark,7.0, org.apache.logging.log4j.perf.jmh.TextEncoderHelperBenchmark.serializableMCD,13,warmup,ns/op,serializableMCD, org.apache.logging.log4j.perf.jmh,357,1,10,13180,2
253,Sampling time,TextEncoderHelperBenchmark,7.0, org.apache.logging.log4j.perf.jmh.TextEncoderHelperBenchmark.serializableMCD,14,warmup,ns/op,serializableMCD, org.apache.logging.log4j.perf.jmh,333,1,10,14121,2
254,Sampling time,TextEncoderHelperBenchmark,7.0, org.apache.logging.log4j.perf.jmh.TextEncoderHelperBenchmark.serializableMCD,15,warmup,ns/op,serializableMCD, org.apache.logging.log4j.perf.jmh,336,1,10,14165,2
255,Sampling time,TextEncoderHelperBenchmark,7.0, org.apache.logging.log4j.perf.jmh.TextEncoderHelperBenchmark.serializableMCD,16,warmup,ns/op,serializableMCD, org.apache.logging.log4j.perf.jmh,337,1,10,14067,2
256,Sampling time,TextEncoderHelperBenchmark,7.0, org.apache.logging.log4j.perf.jmh.TextEncoderHelperBenchmark.serializableMCD,17,warmup,ns/op,serializableMCD, org.apache.logging.log4j.perf.jmh,333,1,10,14188,2
257,Sampling time,TextEncoderHelperBenchmark,7.0, org.apache.logging.log4j.perf.jmh.TextEncoderHelperBenchmark.serializableMCD,18,warmup,ns/op,serializableMCD, org.apache.logging.log4j.perf.jmh,359,1,10,13269,2
258,Sampling time,TextEncoderHelperBenchmark,7.0, org.apache.logging.log4j.perf.jmh.TextEncoderHelperBenchmark.serializableMCD,19,warmup,ns/op,serializableMCD, org.apache.logging.log4j.perf.jmh,331,1,10,14138,2
259,Sampling time,TextEncoderHelperBenchmark,7.0, org.apache.logging.log4j.perf.jmh.TextEncoderHelperBenchmark.serializableMCD,20,warmup,ns/op,serializableMCD, org.apache.logging.log4j.perf.jmh,358,1,10,13230,2
260,Sampling time,TextEncoderHelperBenchmark,7.0, org.apache.logging.log4j.perf.jmh.TextEncoderHelperBenchmark.serializableMCD,1,measured,ns/op,serializableMCD, org.apache.logging.log4j.perf.jmh,333,1,10,14188,2
261,Sampling time,TextEncoderHelperBenchmark,7.0, org.apache.logging.log4j.perf.jmh.TextEncoderHelperBenchmark.serializableMCD,2,measured,ns/op,serializableMCD, org.apache.logging.log4j.perf.jmh,335,1,10,14222,2
262,Sampling time,TextEncoderHelperBenchmark,7.0, org.apache.logging.log4j.perf.jmh.TextEncoderHelperBenchmark.serializableMCD,3,measured,ns/op,serializableMCD, org.apache.logging.log4j.perf.jmh,356,1,10,13232,2
263,Sampling time,TextEncoderHelperBenchmark,7.0, org.apache.logging.log4j.perf.jmh.TextEncoderHelperBenchmark.serializableMCD,4,measured,ns/op,serializableMCD, org.apache.logging.log4j.perf.jmh,359,1,10,13151,2
264,Sampling time,TextEncoderHelperBenchmark,7.0, org.apache.logging.log4j.perf.jmh.TextEncoderHelperBenchmark.serializableMCD,5,measured,ns/op,serializableMCD, org.apache.logging.log4j.perf.jmh,349,1,10,13501,2
265,Sampling time,TextEncoderHelperBenchmark,7.0, org.apache.logging.log4j.perf.jmh.TextEncoderHelperBenchmark.serializableMCD,6,measured,ns/op,serializableMCD, org.apache.logging.log4j.perf.jmh,377,1,10,12537,2
266,Sampling time,TextEncoderHelperBenchmark,7.0, org.apache.logging.log4j.perf.jmh.TextEncoderHelperBenchmark.serializableMCD,7,measured,ns/op,serializableMCD, org.apache.logging.log4j.perf.jmh,517,1,10,14033,2
267,Sampling time,TextEncoderHelperBenchmark,7.0, org.apache.logging.log4j.perf.jmh.TextEncoderHelperBenchmark.serializableMCD,8,measured,ns/op,serializableMCD, org.apache.logging.log4j.perf.jmh,350,1,10,13462,2
268,Sampling time,TextEncoderHelperBenchmark,7.0, org.apache.logging.log4j.perf.jmh.TextEncoderHelperBenchmark.serializableMCD,9,measured,ns/op,serializableMCD, org.apache.logging.log4j.perf.jmh,334,1,10,14075,2
269,Sampling time,TextEncoderHelperBenchmark,7.0, org.apache.logging.log4j.perf.jmh.TextEncoderHelperBenchmark.serializableMCD,10,measured,ns/op,serializableMCD, org.apache.logging.log4j.perf.jmh,358,1,10,13168,2
270,Sampling time,TextEncoderHelperBenchmark,7.0, org.apache.logging.log4j.perf.jmh.TextEncoderHelperBenchmark.serializableMCD,11,measured,ns/op,serializableMCD, org.apache.logging.log4j.perf.jmh,357,1,10,13237,2
271,Sampling time,TextEncoderHelperBenchmark,7.0, org.apache.logging.log4j.perf.jmh.TextEncoderHelperBenchmark.serializableMCD,12,measured,ns/op,serializableMCD, org.apache.logging.log4j.perf.jmh,332,1,10,14155,2
272,Sampling time,TextEncoderHelperBenchmark,7.0, org.apache.logging.log4j.perf.jmh.TextEncoderHelperBenchmark.serializableMCD,13,measured,ns/op,serializableMCD, org.apache.logging.log4j.perf.jmh,336,1,10,14008,2
273,Sampling time,TextEncoderHelperBenchmark,7.0, org.apache.logging.log4j.perf.jmh.TextEncoderHelperBenchmark.serializableMCD,14,measured,ns/op,serializableMCD, org.apache.logging.log4j.perf.jmh,335,1,10,14036,2
274,Sampling time,TextEncoderHelperBenchmark,7.0, org.apache.logging.log4j.perf.jmh.TextEncoderHelperBenchmark.serializableMCD,15,measured,ns/op,serializableMCD, org.apache.logging.log4j.perf.jmh,335,1,10,14013,2
275,Sampling time,TextEncoderHelperBenchmark,7.0, org.apache.logging.log4j.perf.jmh.TextEncoderHelperBenchmark.serializableMCD,16,measured,ns/op,serializableMCD, org.apache.logging.log4j.perf.jmh,363,1,10,12937,2
276,Sampling time,TextEncoderHelperBenchmark,7.0, org.apache.logging.log4j.perf.jmh.TextEncoderHelperBenchmark.serializableMCD,17,measured,ns/op,serializableMCD, org.apache.logging.log4j.perf.jmh,361,1,10,13062,2
277,Sampling time,TextEncoderHelperBenchmark,7.0, org.apache.logging.log4j.perf.jmh.TextEncoderHelperBenchmark.serializableMCD,18,measured,ns/op,serializableMCD, org.apache.logging.log4j.perf.jmh,362,1,10,13009,2
278,Sampling time,TextEncoderHelperBenchmark,7.0, org.apache.logging.log4j.perf.jmh.TextEncoderHelperBenchmark.serializableMCD,19,measured,ns/op,serializableMCD, org.apache.logging.log4j.perf.jmh,327,1,10,14374,2
279,Sampling time,TextEncoderHelperBenchmark,7.0, org.apache.logging.log4j.perf.jmh.TextEncoderHelperBenchmark.serializableMCD,20,measured,ns/op,serializableMCD, org.apache.logging.log4j.perf.jmh,340,1,10,13871,2
280,Sampling time,TextEncoderHelperBenchmark,8.0, org.apache.logging.log4j.perf.jmh.TextEncoderHelperBenchmark.serializableMCD,1,warmup,ns/op,serializableMCD, org.apache.logging.log4j.perf.jmh,1158,1,10,22419,2
281,Sampling time,TextEncoderHelperBenchmark,8.0, org.apache.logging.log4j.perf.jmh.TextEncoderHelperBenchmark.serializableMCD,2,warmup,ns/op,serializableMCD, org.apache.logging.log4j.perf.jmh,356,1,10,12779,2
282,Sampling time,TextEncoderHelperBenchmark,8.0, org.apache.logging.log4j.perf.jmh.TextEncoderHelperBenchmark.serializableMCD,3,warmup,ns/op,serializableMCD, org.apache.logging.log4j.perf.jmh,352,1,10,12877,2
283,Sampling time,TextEncoderHelperBenchmark,8.0, org.apache.logging.log4j.perf.jmh.TextEncoderHelperBenchmark.serializableMCD,4,warmup,ns/op,serializableMCD, org.apache.logging.log4j.perf.jmh,335,1,10,13085,2
284,Sampling time,TextEncoderHelperBenchmark,8.0, org.apache.logging.log4j.perf.jmh.TextEncoderHelperBenchmark.serializableMCD,5,warmup,ns/op,serializableMCD, org.apache.logging.log4j.perf.jmh,358,1,10,13040,2
285,Sampling time,TextEncoderHelperBenchmark,8.0, org.apache.logging.log4j.perf.jmh.TextEncoderHelperBenchmark.serializableMCD,6,warmup,ns/op,serializableMCD, org.apache.logging.log4j.perf.jmh,376,1,10,11575,2
286,Sampling time,TextEncoderHelperBenchmark,8.0, org.apache.logging.log4j.perf.jmh.TextEncoderHelperBenchmark.serializableMCD,7,warmup,ns/op,serializableMCD, org.apache.logging.log4j.perf.jmh,343,1,10,13260,2
287,Sampling time,TextEncoderHelperBenchmark,8.0, org.apache.logging.log4j.perf.jmh.TextEncoderHelperBenchmark.serializableMCD,8,warmup,ns/op,serializableMCD, org.apache.logging.log4j.perf.jmh,356,1,10,13059,2
288,Sampling time,TextEncoderHelperBenchmark,8.0, org.apache.logging.log4j.perf.jmh.TextEncoderHelperBenchmark.serializableMCD,9,warmup,ns/op,serializableMCD, org.apache.logging.log4j.perf.jmh,334,1,10,14166,2
289,Sampling time,TextEncoderHelperBenchmark,8.0, org.apache.logging.log4j.perf.jmh.TextEncoderHelperBenchmark.serializableMCD,10,warmup,ns/op,serializableMCD, org.apache.logging.log4j.perf.jmh,341,1,10,13783,2
290,Sampling time,TextEncoderHelperBenchmark,8.0, org.apache.logging.log4j.perf.jmh.TextEncoderHelperBenchmark.serializableMCD,11,warmup,ns/op,serializableMCD, org.apache.logging.log4j.perf.jmh,333,1,10,14057,2
291,Sampling time,TextEncoderHelperBenchmark,8.0, org.apache.logging.log4j.perf.jmh.TextEncoderHelperBenchmark.serializableMCD,12,warmup,ns/op,serializableMCD, org.apache.logging.log4j.perf.jmh,356,1,10,13362,2
292,Sampling time,TextEncoderHelperBenchmark,8.0, org.apache.logging.log4j.perf.jmh.TextEncoderHelperBenchmark.serializableMCD,13,warmup,ns/op,serializableMCD, org.apache.logging.log4j.perf.jmh,332,1,10,14116,2
293,Sampling time,TextEncoderHelperBenchmark,8.0, org.apache.logging.log4j.perf.jmh.TextEncoderHelperBenchmark.serializableMCD,14,warmup,ns/op,serializableMCD, org.apache.logging.log4j.perf.jmh,353,1,10,13200,2
294,Sampling time,TextEncoderHelperBenchmark,8.0, org.apache.logging.log4j.perf.jmh.TextEncoderHelperBenchmark.serializableMCD,15,warmup,ns/op,serializableMCD, org.apache.logging.log4j.perf.jmh,346,1,10,13947,2
295,Sampling time,TextEncoderHelperBenchmark,8.0, org.apache.logging.log4j.perf.jmh.TextEncoderHelperBenchmark.serializableMCD,16,warmup,ns/op,serializableMCD, org.apache.logging.log4j.perf.jmh,333,1,10,14108,2
296,Sampling time,TextEncoderHelperBenchmark,8.0, org.apache.logging.log4j.perf.jmh.TextEncoderHelperBenchmark.serializableMCD,17,warmup,ns/op,serializableMCD, org.apache.logging.log4j.perf.jmh,336,1,10,13971,2
297,Sampling time,TextEncoderHelperBenchmark,8.0, org.apache.logging.log4j.perf.jmh.TextEncoderHelperBenchmark.serializableMCD,18,warmup,ns/op,serializableMCD, org.apache.logging.log4j.perf.jmh,332,1,10,14225,2
298,Sampling time,TextEncoderHelperBenchmark,8.0, org.apache.logging.log4j.perf.jmh.TextEncoderHelperBenchmark.serializableMCD,19,warmup,ns/op,serializableMCD, org.apache.logging.log4j.perf.jmh,356,1,10,13212,2
299,Sampling time,TextEncoderHelperBenchmark,8.0, org.apache.logging.log4j.perf.jmh.TextEncoderHelperBenchmark.serializableMCD,20,warmup,ns/op,serializableMCD, org.apache.logging.log4j.perf.jmh,337,1,10,14086,2
300,Sampling time,TextEncoderHelperBenchmark,8.0, org.apache.logging.log4j.perf.jmh.TextEncoderHelperBenchmark.serializableMCD,1,measured,ns/op,serializableMCD, org.apache.logging.log4j.perf.jmh,345,1,10,13770,2
301,Sampling time,TextEncoderHelperBenchmark,8.0, org.apache.logging.log4j.perf.jmh.TextEncoderHelperBenchmark.serializableMCD,2,measured,ns/op,serializableMCD, org.apache.logging.log4j.perf.jmh,357,1,10,13148,2
302,Sampling time,TextEncoderHelperBenchmark,8.0, org.apache.logging.log4j.perf.jmh.TextEncoderHelperBenchmark.serializableMCD,3,measured,ns/op,serializableMCD, org.apache.logging.log4j.perf.jmh,335,1,10,14128,2
303,Sampling time,TextEncoderHelperBenchmark,8.0, org.apache.logging.log4j.perf.jmh.TextEncoderHelperBenchmark.serializableMCD,4,measured,ns/op,serializableMCD, org.apache.logging.log4j.perf.jmh,331,1,10,14182,2
304,Sampling time,TextEncoderHelperBenchmark,8.0, org.apache.logging.log4j.perf.jmh.TextEncoderHelperBenchmark.serializableMCD,5,measured,ns/op,serializableMCD, org.apache.logging.log4j.perf.jmh,338,1,10,14025,2
305,Sampling time,TextEncoderHelperBenchmark,8.0, org.apache.logging.log4j.perf.jmh.TextEncoderHelperBenchmark.serializableMCD,6,measured,ns/op,serializableMCD, org.apache.logging.log4j.perf.jmh,337,1,10,14038,2
306,Sampling time,TextEncoderHelperBenchmark,8.0, org.apache.logging.log4j.perf.jmh.TextEncoderHelperBenchmark.serializableMCD,7,measured,ns/op,serializableMCD, org.apache.logging.log4j.perf.jmh,336,1,10,14047,2
307,Sampling time,TextEncoderHelperBenchmark,8.0, org.apache.logging.log4j.perf.jmh.TextEncoderHelperBenchmark.serializableMCD,8,measured,ns/op,serializableMCD, org.apache.logging.log4j.perf.jmh,318,1,10,14767,2
308,Sampling time,TextEncoderHelperBenchmark,8.0, org.apache.logging.log4j.perf.jmh.TextEncoderHelperBenchmark.serializableMCD,9,measured,ns/op,serializableMCD, org.apache.logging.log4j.perf.jmh,361,1,10,13054,2
309,Sampling time,TextEncoderHelperBenchmark,8.0, org.apache.logging.log4j.perf.jmh.TextEncoderHelperBenchmark.serializableMCD,10,measured,ns/op,serializableMCD, org.apache.logging.log4j.perf.jmh,330,1,10,14131,2
310,Sampling time,TextEncoderHelperBenchmark,8.0, org.apache.logging.log4j.perf.jmh.TextEncoderHelperBenchmark.serializableMCD,11,measured,ns/op,serializableMCD, org.apache.logging.log4j.perf.jmh,337,1,10,13964,2
311,Sampling time,TextEncoderHelperBenchmark,8.0, org.apache.logging.log4j.perf.jmh.TextEncoderHelperBenchmark.serializableMCD,12,measured,ns/op,serializableMCD, org.apache.logging.log4j.perf.jmh,336,1,10,14023,2
312,Sampling time,TextEncoderHelperBenchmark,8.0, org.apache.logging.log4j.perf.jmh.TextEncoderHelperBenchmark.serializableMCD,13,measured,ns/op,serializableMCD, org.apache.logging.log4j.perf.jmh,338,1,10,13994,2
313,Sampling time,TextEncoderHelperBenchmark,8.0, org.apache.logging.log4j.perf.jmh.TextEncoderHelperBenchmark.serializableMCD,14,measured,ns/op,serializableMCD, org.apache.logging.log4j.perf.jmh,336,1,10,14042,2
314,Sampling time,TextEncoderHelperBenchmark,8.0, org.apache.logging.log4j.perf.jmh.TextEncoderHelperBenchmark.serializableMCD,15,measured,ns/op,serializableMCD, org.apache.logging.log4j.perf.jmh,361,1,10,13049,2
315,Sampling time,TextEncoderHelperBenchmark,8.0, org.apache.logging.log4j.perf.jmh.TextEncoderHelperBenchmark.serializableMCD,16,measured,ns/op,serializableMCD, org.apache.logging.log4j.perf.jmh,360,1,10,13092,2
316,Sampling time,TextEncoderHelperBenchmark,8.0, org.apache.logging.log4j.perf.jmh.TextEncoderHelperBenchmark.serializableMCD,17,measured,ns/op,serializableMCD, org.apache.logging.log4j.perf.jmh,338,1,10,13880,2
317,Sampling time,TextEncoderHelperBenchmark,8.0, org.apache.logging.log4j.perf.jmh.TextEncoderHelperBenchmark.serializableMCD,18,measured,ns/op,serializableMCD, org.apache.logging.log4j.perf.jmh,335,1,10,14021,2
318,Sampling time,TextEncoderHelperBenchmark,8.0, org.apache.logging.log4j.perf.jmh.TextEncoderHelperBenchmark.serializableMCD,19,measured,ns/op,serializableMCD, org.apache.logging.log4j.perf.jmh,392,1,10,11922,2
319,Sampling time,TextEncoderHelperBenchmark,8.0, org.apache.logging.log4j.perf.jmh.TextEncoderHelperBenchmark.serializableMCD,20,measured,ns/op,serializableMCD, org.apache.logging.log4j.perf.jmh,373,1,10,12588,2
320,Sampling time,TextEncoderHelperBenchmark,9.0, org.apache.logging.log4j.perf.jmh.TextEncoderHelperBenchmark.serializableMCD,1,warmup,ns/op,serializableMCD, org.apache.logging.log4j.perf.jmh,900,1,10,23344,2
321,Sampling time,TextEncoderHelperBenchmark,9.0, org.apache.logging.log4j.perf.jmh.TextEncoderHelperBenchmark.serializableMCD,2,warmup,ns/op,serializableMCD, org.apache.logging.log4j.perf.jmh,385,1,10,13049,2
322,Sampling time,TextEncoderHelperBenchmark,9.0, org.apache.logging.log4j.perf.jmh.TextEncoderHelperBenchmark.serializableMCD,3,warmup,ns/op,serializableMCD, org.apache.logging.log4j.perf.jmh,476,1,10,11617,2
323,Sampling time,TextEncoderHelperBenchmark,9.0, org.apache.logging.log4j.perf.jmh.TextEncoderHelperBenchmark.serializableMCD,4,warmup,ns/op,serializableMCD, org.apache.logging.log4j.perf.jmh,358,1,10,12663,2
324,Sampling time,TextEncoderHelperBenchmark,9.0, org.apache.logging.log4j.perf.jmh.TextEncoderHelperBenchmark.serializableMCD,5,warmup,ns/op,serializableMCD, org.apache.logging.log4j.perf.jmh,333,1,10,13691,2
325,Sampling time,TextEncoderHelperBenchmark,9.0, org.apache.logging.log4j.perf.jmh.TextEncoderHelperBenchmark.serializableMCD,6,warmup,ns/op,serializableMCD, org.apache.logging.log4j.perf.jmh,327,1,10,12435,2
326,Sampling time,TextEncoderHelperBenchmark,9.0, org.apache.logging.log4j.perf.jmh.TextEncoderHelperBenchmark.serializableMCD,7,warmup,ns/op,serializableMCD, org.apache.logging.log4j.perf.jmh,352,1,10,12464,2
327,Sampling time,TextEncoderHelperBenchmark,9.0, org.apache.logging.log4j.perf.jmh.TextEncoderHelperBenchmark.serializableMCD,8,warmup,ns/op,serializableMCD, org.apache.logging.log4j.perf.jmh,329,1,10,14009,2
328,Sampling time,TextEncoderHelperBenchmark,9.0, org.apache.logging.log4j.perf.jmh.TextEncoderHelperBenchmark.serializableMCD,9,warmup,ns/op,serializableMCD, org.apache.logging.log4j.perf.jmh,325,1,10,14228,2
329,Sampling time,TextEncoderHelperBenchmark,9.0, org.apache.logging.log4j.perf.jmh.TextEncoderHelperBenchmark.serializableMCD,10,warmup,ns/op,serializableMCD, org.apache.logging.log4j.perf.jmh,331,1,10,13884,2
330,Sampling time,TextEncoderHelperBenchmark,9.0, org.apache.logging.log4j.perf.jmh.TextEncoderHelperBenchmark.serializableMCD,11,warmup,ns/op,serializableMCD, org.apache.logging.log4j.perf.jmh,333,1,10,14089,2
331,Sampling time,TextEncoderHelperBenchmark,9.0, org.apache.logging.log4j.perf.jmh.TextEncoderHelperBenchmark.serializableMCD,12,warmup,ns/op,serializableMCD, org.apache.logging.log4j.perf.jmh,357,1,10,13035,2
332,Sampling time,TextEncoderHelperBenchmark,9.0, org.apache.logging.log4j.perf.jmh.TextEncoderHelperBenchmark.serializableMCD,13,warmup,ns/op,serializableMCD, org.apache.logging.log4j.perf.jmh,332,1,10,13938,2
333,Sampling time,TextEncoderHelperBenchmark,9.0, org.apache.logging.log4j.perf.jmh.TextEncoderHelperBenchmark.serializableMCD,14,warmup,ns/op,serializableMCD, org.apache.logging.log4j.perf.jmh,354,1,10,13397,2
334,Sampling time,TextEncoderHelperBenchmark,9.0, org.apache.logging.log4j.perf.jmh.TextEncoderHelperBenchmark.serializableMCD,15,warmup,ns/op,serializableMCD, org.apache.logging.log4j.perf.jmh,332,1,10,13989,2
335,Sampling time,TextEncoderHelperBenchmark,9.0, org.apache.logging.log4j.perf.jmh.TextEncoderHelperBenchmark.serializableMCD,16,warmup,ns/op,serializableMCD, org.apache.logging.log4j.perf.jmh,331,1,10,14030,2
336,Sampling time,TextEncoderHelperBenchmark,9.0, org.apache.logging.log4j.perf.jmh.TextEncoderHelperBenchmark.serializableMCD,17,warmup,ns/op,serializableMCD, org.apache.logging.log4j.perf.jmh,330,1,10,14060,2
337,Sampling time,TextEncoderHelperBenchmark,9.0, org.apache.logging.log4j.perf.jmh.TextEncoderHelperBenchmark.serializableMCD,18,warmup,ns/op,serializableMCD, org.apache.logging.log4j.perf.jmh,332,1,10,14018,2
338,Sampling time,TextEncoderHelperBenchmark,9.0, org.apache.logging.log4j.perf.jmh.TextEncoderHelperBenchmark.serializableMCD,19,warmup,ns/op,serializableMCD, org.apache.logging.log4j.perf.jmh,335,1,10,14023,2
339,Sampling time,TextEncoderHelperBenchmark,9.0, org.apache.logging.log4j.perf.jmh.TextEncoderHelperBenchmark.serializableMCD,20,warmup,ns/op,serializableMCD, org.apache.logging.log4j.perf.jmh,356,1,10,12983,2
340,Sampling time,TextEncoderHelperBenchmark,9.0, org.apache.logging.log4j.perf.jmh.TextEncoderHelperBenchmark.serializableMCD,1,measured,ns/op,serializableMCD, org.apache.logging.log4j.perf.jmh,336,1,10,13931,2
341,Sampling time,TextEncoderHelperBenchmark,9.0, org.apache.logging.log4j.perf.jmh.TextEncoderHelperBenchmark.serializableMCD,2,measured,ns/op,serializableMCD, org.apache.logging.log4j.perf.jmh,333,1,10,14020,2
342,Sampling time,TextEncoderHelperBenchmark,9.0, org.apache.logging.log4j.perf.jmh.TextEncoderHelperBenchmark.serializableMCD,3,measured,ns/op,serializableMCD, org.apache.logging.log4j.perf.jmh,366,1,10,12872,2
343,Sampling time,TextEncoderHelperBenchmark,9.0, org.apache.logging.log4j.perf.jmh.TextEncoderHelperBenchmark.serializableMCD,4,measured,ns/op,serializableMCD, org.apache.logging.log4j.perf.jmh,344,1,10,13534,2
344,Sampling time,TextEncoderHelperBenchmark,9.0, org.apache.logging.log4j.perf.jmh.TextEncoderHelperBenchmark.serializableMCD,5,measured,ns/op,serializableMCD, org.apache.logging.log4j.perf.jmh,329,1,10,13969,2
345,Sampling time,TextEncoderHelperBenchmark,9.0, org.apache.logging.log4j.perf.jmh.TextEncoderHelperBenchmark.serializableMCD,6,measured,ns/op,serializableMCD, org.apache.logging.log4j.perf.jmh,356,1,10,13116,2
346,Sampling time,TextEncoderHelperBenchmark,9.0, org.apache.logging.log4j.perf.jmh.TextEncoderHelperBenchmark.serializableMCD,7,measured,ns/op,serializableMCD, org.apache.logging.log4j.perf.jmh,334,1,10,13759,2
347,Sampling time,TextEncoderHelperBenchmark,9.0, org.apache.logging.log4j.perf.jmh.TextEncoderHelperBenchmark.serializableMCD,8,measured,ns/op,serializableMCD, org.apache.logging.log4j.perf.jmh,359,1,10,12790,2
348,Sampling time,TextEncoderHelperBenchmark,9.0, org.apache.logging.log4j.perf.jmh.TextEncoderHelperBenchmark.serializableMCD,9,measured,ns/op,serializableMCD, org.apache.logging.log4j.perf.jmh,359,1,10,12951,2
349,Sampling time,TextEncoderHelperBenchmark,9.0, org.apache.logging.log4j.perf.jmh.TextEncoderHelperBenchmark.serializableMCD,10,measured,ns/op,serializableMCD, org.apache.logging.log4j.perf.jmh,357,1,10,12976,2
350,Sampling time,TextEncoderHelperBenchmark,9.0, org.apache.logging.log4j.perf.jmh.TextEncoderHelperBenchmark.serializableMCD,11,measured,ns/op,serializableMCD, org.apache.logging.log4j.perf.jmh,328,1,10,14109,2
351,Sampling time,TextEncoderHelperBenchmark,9.0, org.apache.logging.log4j.perf.jmh.TextEncoderHelperBenchmark.serializableMCD,12,measured,ns/op,serializableMCD, org.apache.logging.log4j.perf.jmh,335,1,10,13937,2
352,Sampling time,TextEncoderHelperBenchmark,9.0, org.apache.logging.log4j.perf.jmh.TextEncoderHelperBenchmark.serializableMCD,13,measured,ns/op,serializableMCD, org.apache.logging.log4j.perf.jmh,335,1,10,13970,2
353,Sampling time,TextEncoderHelperBenchmark,9.0, org.apache.logging.log4j.perf.jmh.TextEncoderHelperBenchmark.serializableMCD,14,measured,ns/op,serializableMCD, org.apache.logging.log4j.perf.jmh,359,1,10,12982,2
354,Sampling time,TextEncoderHelperBenchmark,9.0, org.apache.logging.log4j.perf.jmh.TextEncoderHelperBenchmark.serializableMCD,15,measured,ns/op,serializableMCD, org.apache.logging.log4j.perf.jmh,346,1,10,13469,2
355,Sampling time,TextEncoderHelperBenchmark,9.0, org.apache.logging.log4j.perf.jmh.TextEncoderHelperBenchmark.serializableMCD,16,measured,ns/op,serializableMCD, org.apache.logging.log4j.perf.jmh,333,1,10,13990,2
356,Sampling time,TextEncoderHelperBenchmark,9.0, org.apache.logging.log4j.perf.jmh.TextEncoderHelperBenchmark.serializableMCD,17,measured,ns/op,serializableMCD, org.apache.logging.log4j.perf.jmh,331,1,10,13940,2
357,Sampling time,TextEncoderHelperBenchmark,9.0, org.apache.logging.log4j.perf.jmh.TextEncoderHelperBenchmark.serializableMCD,18,measured,ns/op,serializableMCD, org.apache.logging.log4j.perf.jmh,335,1,10,13878,2
358,Sampling time,TextEncoderHelperBenchmark,9.0, org.apache.logging.log4j.perf.jmh.TextEncoderHelperBenchmark.serializableMCD,19,measured,ns/op,serializableMCD, org.apache.logging.log4j.perf.jmh,332,1,10,14010,2
359,Sampling time,TextEncoderHelperBenchmark,9.0, org.apache.logging.log4j.perf.jmh.TextEncoderHelperBenchmark.serializableMCD,20,measured,ns/op,serializableMCD, org.apache.logging.log4j.perf.jmh,361,1,10,12918,2
360,Sampling time,TextEncoderHelperBenchmark,10.0, org.apache.logging.log4j.perf.jmh.TextEncoderHelperBenchmark.serializableMCD,1,warmup,ns/op,serializableMCD, org.apache.logging.log4j.perf.jmh,980,1,10,23087,2
361,Sampling time,TextEncoderHelperBenchmark,10.0, org.apache.logging.log4j.perf.jmh.TextEncoderHelperBenchmark.serializableMCD,2,warmup,ns/op,serializableMCD, org.apache.logging.log4j.perf.jmh,417,1,10,13145,2
362,Sampling time,TextEncoderHelperBenchmark,10.0, org.apache.logging.log4j.perf.jmh.TextEncoderHelperBenchmark.serializableMCD,3,warmup,ns/op,serializableMCD, org.apache.logging.log4j.perf.jmh,382,1,10,13236,2
363,Sampling time,TextEncoderHelperBenchmark,10.0, org.apache.logging.log4j.perf.jmh.TextEncoderHelperBenchmark.serializableMCD,4,warmup,ns/op,serializableMCD, org.apache.logging.log4j.perf.jmh,350,1,10,12683,2
364,Sampling time,TextEncoderHelperBenchmark,10.0, org.apache.logging.log4j.perf.jmh.TextEncoderHelperBenchmark.serializableMCD,5,warmup,ns/op,serializableMCD, org.apache.logging.log4j.perf.jmh,345,1,10,13423,2
365,Sampling time,TextEncoderHelperBenchmark,10.0, org.apache.logging.log4j.perf.jmh.TextEncoderHelperBenchmark.serializableMCD,6,warmup,ns/op,serializableMCD, org.apache.logging.log4j.perf.jmh,299,1,10,14045,2
366,Sampling time,TextEncoderHelperBenchmark,10.0, org.apache.logging.log4j.perf.jmh.TextEncoderHelperBenchmark.serializableMCD,7,warmup,ns/op,serializableMCD, org.apache.logging.log4j.perf.jmh,338,1,10,13972,2
367,Sampling time,TextEncoderHelperBenchmark,10.0, org.apache.logging.log4j.perf.jmh.TextEncoderHelperBenchmark.serializableMCD,8,warmup,ns/op,serializableMCD, org.apache.logging.log4j.perf.jmh,334,1,10,13899,2
368,Sampling time,TextEncoderHelperBenchmark,10.0, org.apache.logging.log4j.perf.jmh.TextEncoderHelperBenchmark.serializableMCD,9,warmup,ns/op,serializableMCD, org.apache.logging.log4j.perf.jmh,338,1,10,13898,2
369,Sampling time,TextEncoderHelperBenchmark,10.0, org.apache.logging.log4j.perf.jmh.TextEncoderHelperBenchmark.serializableMCD,10,warmup,ns/op,serializableMCD, org.apache.logging.log4j.perf.jmh,333,1,10,14061,2
370,Sampling time,TextEncoderHelperBenchmark,10.0, org.apache.logging.log4j.perf.jmh.TextEncoderHelperBenchmark.serializableMCD,11,warmup,ns/op,serializableMCD, org.apache.logging.log4j.perf.jmh,356,1,10,13117,2
371,Sampling time,TextEncoderHelperBenchmark,10.0, org.apache.logging.log4j.perf.jmh.TextEncoderHelperBenchmark.serializableMCD,12,warmup,ns/op,serializableMCD, org.apache.logging.log4j.perf.jmh,341,1,10,13725,2
372,Sampling time,TextEncoderHelperBenchmark,10.0, org.apache.logging.log4j.perf.jmh.TextEncoderHelperBenchmark.serializableMCD,13,warmup,ns/op,serializableMCD, org.apache.logging.log4j.perf.jmh,333,1,10,14021,2
373,Sampling time,TextEncoderHelperBenchmark,10.0, org.apache.logging.log4j.perf.jmh.TextEncoderHelperBenchmark.serializableMCD,14,warmup,ns/op,serializableMCD, org.apache.logging.log4j.perf.jmh,358,1,10,13037,2
374,Sampling time,TextEncoderHelperBenchmark,10.0, org.apache.logging.log4j.perf.jmh.TextEncoderHelperBenchmark.serializableMCD,15,warmup,ns/op,serializableMCD, org.apache.logging.log4j.perf.jmh,332,1,10,14006,2
375,Sampling time,TextEncoderHelperBenchmark,10.0, org.apache.logging.log4j.perf.jmh.TextEncoderHelperBenchmark.serializableMCD,16,warmup,ns/op,serializableMCD, org.apache.logging.log4j.perf.jmh,350,1,10,13157,2
376,Sampling time,TextEncoderHelperBenchmark,10.0, org.apache.logging.log4j.perf.jmh.TextEncoderHelperBenchmark.serializableMCD,17,warmup,ns/op,serializableMCD, org.apache.logging.log4j.perf.jmh,367,1,10,12615,2
377,Sampling time,TextEncoderHelperBenchmark,10.0, org.apache.logging.log4j.perf.jmh.TextEncoderHelperBenchmark.serializableMCD,18,warmup,ns/op,serializableMCD, org.apache.logging.log4j.perf.jmh,369,1,10,12734,2
378,Sampling time,TextEncoderHelperBenchmark,10.0, org.apache.logging.log4j.perf.jmh.TextEncoderHelperBenchmark.serializableMCD,19,warmup,ns/op,serializableMCD, org.apache.logging.log4j.perf.jmh,339,1,10,13790,2
379,Sampling time,TextEncoderHelperBenchmark,10.0, org.apache.logging.log4j.perf.jmh.TextEncoderHelperBenchmark.serializableMCD,20,warmup,ns/op,serializableMCD, org.apache.logging.log4j.perf.jmh,335,1,10,13903,2
380,Sampling time,TextEncoderHelperBenchmark,10.0, org.apache.logging.log4j.perf.jmh.TextEncoderHelperBenchmark.serializableMCD,1,measured,ns/op,serializableMCD, org.apache.logging.log4j.perf.jmh,357,1,10,12884,2
381,Sampling time,TextEncoderHelperBenchmark,10.0, org.apache.logging.log4j.perf.jmh.TextEncoderHelperBenchmark.serializableMCD,2,measured,ns/op,serializableMCD, org.apache.logging.log4j.perf.jmh,389,1,10,12269,2
382,Sampling time,TextEncoderHelperBenchmark,10.0, org.apache.logging.log4j.perf.jmh.TextEncoderHelperBenchmark.serializableMCD,3,measured,ns/op,serializableMCD, org.apache.logging.log4j.perf.jmh,362,1,10,12818,2
383,Sampling time,TextEncoderHelperBenchmark,10.0, org.apache.logging.log4j.perf.jmh.TextEncoderHelperBenchmark.serializableMCD,4,measured,ns/op,serializableMCD, org.apache.logging.log4j.perf.jmh,335,1,10,13904,2
384,Sampling time,TextEncoderHelperBenchmark,10.0, org.apache.logging.log4j.perf.jmh.TextEncoderHelperBenchmark.serializableMCD,5,measured,ns/op,serializableMCD, org.apache.logging.log4j.perf.jmh,359,1,10,12970,2
385,Sampling time,TextEncoderHelperBenchmark,10.0, org.apache.logging.log4j.perf.jmh.TextEncoderHelperBenchmark.serializableMCD,6,measured,ns/op,serializableMCD, org.apache.logging.log4j.perf.jmh,347,1,10,13471,2
386,Sampling time,TextEncoderHelperBenchmark,10.0, org.apache.logging.log4j.perf.jmh.TextEncoderHelperBenchmark.serializableMCD,7,measured,ns/op,serializableMCD, org.apache.logging.log4j.perf.jmh,336,1,10,13957,2
387,Sampling time,TextEncoderHelperBenchmark,10.0, org.apache.logging.log4j.perf.jmh.TextEncoderHelperBenchmark.serializableMCD,8,measured,ns/op,serializableMCD, org.apache.logging.log4j.perf.jmh,357,1,10,12909,2
388,Sampling time,TextEncoderHelperBenchmark,10.0, org.apache.logging.log4j.perf.jmh.TextEncoderHelperBenchmark.serializableMCD,9,measured,ns/op,serializableMCD, org.apache.logging.log4j.perf.jmh,335,1,10,13864,2
389,Sampling time,TextEncoderHelperBenchmark,10.0, org.apache.logging.log4j.perf.jmh.TextEncoderHelperBenchmark.serializableMCD,10,measured,ns/op,serializableMCD, org.apache.logging.log4j.perf.jmh,366,1,10,12625,2
390,Sampling time,TextEncoderHelperBenchmark,10.0, org.apache.logging.log4j.perf.jmh.TextEncoderHelperBenchmark.serializableMCD,11,measured,ns/op,serializableMCD, org.apache.logging.log4j.perf.jmh,359,1,10,12924,2
391,Sampling time,TextEncoderHelperBenchmark,10.0, org.apache.logging.log4j.perf.jmh.TextEncoderHelperBenchmark.serializableMCD,12,measured,ns/op,serializableMCD, org.apache.logging.log4j.perf.jmh,360,1,10,12977,2
392,Sampling time,TextEncoderHelperBenchmark,10.0, org.apache.logging.log4j.perf.jmh.TextEncoderHelperBenchmark.serializableMCD,13,measured,ns/op,serializableMCD, org.apache.logging.log4j.perf.jmh,334,1,10,13854,2
393,Sampling time,TextEncoderHelperBenchmark,10.0, org.apache.logging.log4j.perf.jmh.TextEncoderHelperBenchmark.serializableMCD,14,measured,ns/op,serializableMCD, org.apache.logging.log4j.perf.jmh,352,1,10,13285,2
394,Sampling time,TextEncoderHelperBenchmark,10.0, org.apache.logging.log4j.perf.jmh.TextEncoderHelperBenchmark.serializableMCD,15,measured,ns/op,serializableMCD, org.apache.logging.log4j.perf.jmh,361,1,10,12896,2
395,Sampling time,TextEncoderHelperBenchmark,10.0, org.apache.logging.log4j.perf.jmh.TextEncoderHelperBenchmark.serializableMCD,16,measured,ns/op,serializableMCD, org.apache.logging.log4j.perf.jmh,366,1,10,12786,2
396,Sampling time,TextEncoderHelperBenchmark,10.0, org.apache.logging.log4j.perf.jmh.TextEncoderHelperBenchmark.serializableMCD,17,measured,ns/op,serializableMCD, org.apache.logging.log4j.perf.jmh,335,1,10,13820,2
397,Sampling time,TextEncoderHelperBenchmark,10.0, org.apache.logging.log4j.perf.jmh.TextEncoderHelperBenchmark.serializableMCD,18,measured,ns/op,serializableMCD, org.apache.logging.log4j.perf.jmh,336,1,10,13815,2
398,Sampling time,TextEncoderHelperBenchmark,10.0, org.apache.logging.log4j.perf.jmh.TextEncoderHelperBenchmark.serializableMCD,19,measured,ns/op,serializableMCD, org.apache.logging.log4j.perf.jmh,337,1,10,13725,2
399,Sampling time,TextEncoderHelperBenchmark,10.0, org.apache.logging.log4j.perf.jmh.TextEncoderHelperBenchmark.serializableMCD,20,measured,ns/op,serializableMCD, org.apache.logging.log4j.perf.jmh,336,1,10,13785,2
