,Benchmark Mode,Class,Fork,Full Bench,Iteration,Iteration Type,Measurement Unit,Method,Package,Score,Threads,Total Fork,Trial
0,"Throughput, ops/time",MemoryHandlerJULLocationBenchmark,1.0, org.apache.logging.log4j.perf.jmh.MemoryHandlerJULLocationBenchmark.throughputSimple,1,warmup,ops/s,throughputSimple, org.apache.logging.log4j.perf.jmh,74951.269,1,10,2
1,"Throughput, ops/time",MemoryHandlerJULLocationBenchmark,1.0, org.apache.logging.log4j.perf.jmh.MemoryHandlerJULLocationBenchmark.throughputSimple,2,warmup,ops/s,throughputSimple, org.apache.logging.log4j.perf.jmh,71032.923,1,10,2
2,"Throughput, ops/time",MemoryHandlerJULLocationBenchmark,1.0, org.apache.logging.log4j.perf.jmh.MemoryHandlerJULLocationBenchmark.throughputSimple,3,warmup,ops/s,throughputSimple, org.apache.logging.log4j.perf.jmh,76273.544,1,10,2
3,"Throughput, ops/time",MemoryHandlerJULLocationBenchmark,1.0, org.apache.logging.log4j.perf.jmh.MemoryHandlerJULLocationBenchmark.throughputSimple,4,warmup,ops/s,throughputSimple, org.apache.logging.log4j.perf.jmh,85079.134,1,10,2
4,"Throughput, ops/time",MemoryHandlerJULLocationBenchmark,1.0, org.apache.logging.log4j.perf.jmh.MemoryHandlerJULLocationBenchmark.throughputSimple,5,warmup,ops/s,throughputSimple, org.apache.logging.log4j.perf.jmh,71540.211,1,10,2
5,"Throughput, ops/time",MemoryHandlerJULLocationBenchmark,1.0, org.apache.logging.log4j.perf.jmh.MemoryHandlerJULLocationBenchmark.throughputSimple,6,warmup,ops/s,throughputSimple, org.apache.logging.log4j.perf.jmh,68726.725,1,10,2
6,"Throughput, ops/time",MemoryHandlerJULLocationBenchmark,1.0, org.apache.logging.log4j.perf.jmh.MemoryHandlerJULLocationBenchmark.throughputSimple,7,warmup,ops/s,throughputSimple, org.apache.logging.log4j.perf.jmh,74447.041,1,10,2
7,"Throughput, ops/time",MemoryHandlerJULLocationBenchmark,1.0, org.apache.logging.log4j.perf.jmh.MemoryHandlerJULLocationBenchmark.throughputSimple,8,warmup,ops/s,throughputSimple, org.apache.logging.log4j.perf.jmh,77725.768,1,10,2
8,"Throughput, ops/time",MemoryHandlerJULLocationBenchmark,1.0, org.apache.logging.log4j.perf.jmh.MemoryHandlerJULLocationBenchmark.throughputSimple,9,warmup,ops/s,throughputSimple, org.apache.logging.log4j.perf.jmh,70423.320,1,10,2
9,"Throughput, ops/time",MemoryHandlerJULLocationBenchmark,1.0, org.apache.logging.log4j.perf.jmh.MemoryHandlerJULLocationBenchmark.throughputSimple,10,warmup,ops/s,throughputSimple, org.apache.logging.log4j.perf.jmh,74589.400,1,10,2
10,"Throughput, ops/time",MemoryHandlerJULLocationBenchmark,1.0, org.apache.logging.log4j.perf.jmh.MemoryHandlerJULLocationBenchmark.throughputSimple,11,warmup,ops/s,throughputSimple, org.apache.logging.log4j.perf.jmh,77865.063,1,10,2
11,"Throughput, ops/time",MemoryHandlerJULLocationBenchmark,1.0, org.apache.logging.log4j.perf.jmh.MemoryHandlerJULLocationBenchmark.throughputSimple,12,warmup,ops/s,throughputSimple, org.apache.logging.log4j.perf.jmh,71420.363,1,10,2
12,"Throughput, ops/time",MemoryHandlerJULLocationBenchmark,1.0, org.apache.logging.log4j.perf.jmh.MemoryHandlerJULLocationBenchmark.throughputSimple,13,warmup,ops/s,throughputSimple, org.apache.logging.log4j.perf.jmh,77860.947,1,10,2
13,"Throughput, ops/time",MemoryHandlerJULLocationBenchmark,1.0, org.apache.logging.log4j.perf.jmh.MemoryHandlerJULLocationBenchmark.throughputSimple,14,warmup,ops/s,throughputSimple, org.apache.logging.log4j.perf.jmh,68893.160,1,10,2
14,"Throughput, ops/time",MemoryHandlerJULLocationBenchmark,1.0, org.apache.logging.log4j.perf.jmh.MemoryHandlerJULLocationBenchmark.throughputSimple,15,warmup,ops/s,throughputSimple, org.apache.logging.log4j.perf.jmh,69096.959,1,10,2
15,"Throughput, ops/time",MemoryHandlerJULLocationBenchmark,1.0, org.apache.logging.log4j.perf.jmh.MemoryHandlerJULLocationBenchmark.throughputSimple,16,warmup,ops/s,throughputSimple, org.apache.logging.log4j.perf.jmh,77574.015,1,10,2
16,"Throughput, ops/time",MemoryHandlerJULLocationBenchmark,1.0, org.apache.logging.log4j.perf.jmh.MemoryHandlerJULLocationBenchmark.throughputSimple,17,warmup,ops/s,throughputSimple, org.apache.logging.log4j.perf.jmh,77402.579,1,10,2
17,"Throughput, ops/time",MemoryHandlerJULLocationBenchmark,1.0, org.apache.logging.log4j.perf.jmh.MemoryHandlerJULLocationBenchmark.throughputSimple,18,warmup,ops/s,throughputSimple, org.apache.logging.log4j.perf.jmh,72059.619,1,10,2
18,"Throughput, ops/time",MemoryHandlerJULLocationBenchmark,1.0, org.apache.logging.log4j.perf.jmh.MemoryHandlerJULLocationBenchmark.throughputSimple,19,warmup,ops/s,throughputSimple, org.apache.logging.log4j.perf.jmh,81070.253,1,10,2
19,"Throughput, ops/time",MemoryHandlerJULLocationBenchmark,1.0, org.apache.logging.log4j.perf.jmh.MemoryHandlerJULLocationBenchmark.throughputSimple,20,warmup,ops/s,throughputSimple, org.apache.logging.log4j.perf.jmh,77582.505,1,10,2
20,"Throughput, ops/time",MemoryHandlerJULLocationBenchmark,1.0, org.apache.logging.log4j.perf.jmh.MemoryHandlerJULLocationBenchmark.throughputSimple,1,measured,ops/s,throughputSimple, org.apache.logging.log4j.perf.jmh,67316.926,1,10,2
21,"Throughput, ops/time",MemoryHandlerJULLocationBenchmark,1.0, org.apache.logging.log4j.perf.jmh.MemoryHandlerJULLocationBenchmark.throughputSimple,2,measured,ops/s,throughputSimple, org.apache.logging.log4j.perf.jmh,77150.356,1,10,2
22,"Throughput, ops/time",MemoryHandlerJULLocationBenchmark,1.0, org.apache.logging.log4j.perf.jmh.MemoryHandlerJULLocationBenchmark.throughputSimple,3,measured,ops/s,throughputSimple, org.apache.logging.log4j.perf.jmh,72108.648,1,10,2
23,"Throughput, ops/time",MemoryHandlerJULLocationBenchmark,1.0, org.apache.logging.log4j.perf.jmh.MemoryHandlerJULLocationBenchmark.throughputSimple,4,measured,ops/s,throughputSimple, org.apache.logging.log4j.perf.jmh,73171.276,1,10,2
24,"Throughput, ops/time",MemoryHandlerJULLocationBenchmark,1.0, org.apache.logging.log4j.perf.jmh.MemoryHandlerJULLocationBenchmark.throughputSimple,5,measured,ops/s,throughputSimple, org.apache.logging.log4j.perf.jmh,80419.933,1,10,2
25,"Throughput, ops/time",MemoryHandlerJULLocationBenchmark,1.0, org.apache.logging.log4j.perf.jmh.MemoryHandlerJULLocationBenchmark.throughputSimple,6,measured,ops/s,throughputSimple, org.apache.logging.log4j.perf.jmh,73941.687,1,10,2
26,"Throughput, ops/time",MemoryHandlerJULLocationBenchmark,1.0, org.apache.logging.log4j.perf.jmh.MemoryHandlerJULLocationBenchmark.throughputSimple,7,measured,ops/s,throughputSimple, org.apache.logging.log4j.perf.jmh,77583.687,1,10,2
27,"Throughput, ops/time",MemoryHandlerJULLocationBenchmark,1.0, org.apache.logging.log4j.perf.jmh.MemoryHandlerJULLocationBenchmark.throughputSimple,8,measured,ops/s,throughputSimple, org.apache.logging.log4j.perf.jmh,84319.865,1,10,2
28,"Throughput, ops/time",MemoryHandlerJULLocationBenchmark,1.0, org.apache.logging.log4j.perf.jmh.MemoryHandlerJULLocationBenchmark.throughputSimple,9,measured,ops/s,throughputSimple, org.apache.logging.log4j.perf.jmh,65596.705,1,10,2
29,"Throughput, ops/time",MemoryHandlerJULLocationBenchmark,1.0, org.apache.logging.log4j.perf.jmh.MemoryHandlerJULLocationBenchmark.throughputSimple,10,measured,ops/s,throughputSimple, org.apache.logging.log4j.perf.jmh,79443.018,1,10,2
30,"Throughput, ops/time",MemoryHandlerJULLocationBenchmark,1.0, org.apache.logging.log4j.perf.jmh.MemoryHandlerJULLocationBenchmark.throughputSimple,11,measured,ops/s,throughputSimple, org.apache.logging.log4j.perf.jmh,84029.315,1,10,2
31,"Throughput, ops/time",MemoryHandlerJULLocationBenchmark,1.0, org.apache.logging.log4j.perf.jmh.MemoryHandlerJULLocationBenchmark.throughputSimple,12,measured,ops/s,throughputSimple, org.apache.logging.log4j.perf.jmh,83889.812,1,10,2
32,"Throughput, ops/time",MemoryHandlerJULLocationBenchmark,1.0, org.apache.logging.log4j.perf.jmh.MemoryHandlerJULLocationBenchmark.throughputSimple,13,measured,ops/s,throughputSimple, org.apache.logging.log4j.perf.jmh,73763.549,1,10,2
33,"Throughput, ops/time",MemoryHandlerJULLocationBenchmark,1.0, org.apache.logging.log4j.perf.jmh.MemoryHandlerJULLocationBenchmark.throughputSimple,14,measured,ops/s,throughputSimple, org.apache.logging.log4j.perf.jmh,64687.167,1,10,2
34,"Throughput, ops/time",MemoryHandlerJULLocationBenchmark,1.0, org.apache.logging.log4j.perf.jmh.MemoryHandlerJULLocationBenchmark.throughputSimple,15,measured,ops/s,throughputSimple, org.apache.logging.log4j.perf.jmh,77255.832,1,10,2
35,"Throughput, ops/time",MemoryHandlerJULLocationBenchmark,1.0, org.apache.logging.log4j.perf.jmh.MemoryHandlerJULLocationBenchmark.throughputSimple,16,measured,ops/s,throughputSimple, org.apache.logging.log4j.perf.jmh,81971.153,1,10,2
36,"Throughput, ops/time",MemoryHandlerJULLocationBenchmark,1.0, org.apache.logging.log4j.perf.jmh.MemoryHandlerJULLocationBenchmark.throughputSimple,17,measured,ops/s,throughputSimple, org.apache.logging.log4j.perf.jmh,77311.070,1,10,2
37,"Throughput, ops/time",MemoryHandlerJULLocationBenchmark,1.0, org.apache.logging.log4j.perf.jmh.MemoryHandlerJULLocationBenchmark.throughputSimple,18,measured,ops/s,throughputSimple, org.apache.logging.log4j.perf.jmh,74498.018,1,10,2
38,"Throughput, ops/time",MemoryHandlerJULLocationBenchmark,1.0, org.apache.logging.log4j.perf.jmh.MemoryHandlerJULLocationBenchmark.throughputSimple,19,measured,ops/s,throughputSimple, org.apache.logging.log4j.perf.jmh,76148.823,1,10,2
39,"Throughput, ops/time",MemoryHandlerJULLocationBenchmark,1.0, org.apache.logging.log4j.perf.jmh.MemoryHandlerJULLocationBenchmark.throughputSimple,20,measured,ops/s,throughputSimple, org.apache.logging.log4j.perf.jmh,77246.136,1,10,2
40,"Throughput, ops/time",MemoryHandlerJULLocationBenchmark,2.0, org.apache.logging.log4j.perf.jmh.MemoryHandlerJULLocationBenchmark.throughputSimple,1,warmup,ops/s,throughputSimple, org.apache.logging.log4j.perf.jmh,73861.547,1,10,2
41,"Throughput, ops/time",MemoryHandlerJULLocationBenchmark,2.0, org.apache.logging.log4j.perf.jmh.MemoryHandlerJULLocationBenchmark.throughputSimple,2,warmup,ops/s,throughputSimple, org.apache.logging.log4j.perf.jmh,76402.165,1,10,2
42,"Throughput, ops/time",MemoryHandlerJULLocationBenchmark,2.0, org.apache.logging.log4j.perf.jmh.MemoryHandlerJULLocationBenchmark.throughputSimple,3,warmup,ops/s,throughputSimple, org.apache.logging.log4j.perf.jmh,72547.810,1,10,2
43,"Throughput, ops/time",MemoryHandlerJULLocationBenchmark,2.0, org.apache.logging.log4j.perf.jmh.MemoryHandlerJULLocationBenchmark.throughputSimple,4,warmup,ops/s,throughputSimple, org.apache.logging.log4j.perf.jmh,67486.906,1,10,2
44,"Throughput, ops/time",MemoryHandlerJULLocationBenchmark,2.0, org.apache.logging.log4j.perf.jmh.MemoryHandlerJULLocationBenchmark.throughputSimple,5,warmup,ops/s,throughputSimple, org.apache.logging.log4j.perf.jmh,69609.978,1,10,2
45,"Throughput, ops/time",MemoryHandlerJULLocationBenchmark,2.0, org.apache.logging.log4j.perf.jmh.MemoryHandlerJULLocationBenchmark.throughputSimple,6,warmup,ops/s,throughputSimple, org.apache.logging.log4j.perf.jmh,66652.356,1,10,2
46,"Throughput, ops/time",MemoryHandlerJULLocationBenchmark,2.0, org.apache.logging.log4j.perf.jmh.MemoryHandlerJULLocationBenchmark.throughputSimple,7,warmup,ops/s,throughputSimple, org.apache.logging.log4j.perf.jmh,71095.084,1,10,2
47,"Throughput, ops/time",MemoryHandlerJULLocationBenchmark,2.0, org.apache.logging.log4j.perf.jmh.MemoryHandlerJULLocationBenchmark.throughputSimple,8,warmup,ops/s,throughputSimple, org.apache.logging.log4j.perf.jmh,77583.416,1,10,2
48,"Throughput, ops/time",MemoryHandlerJULLocationBenchmark,2.0, org.apache.logging.log4j.perf.jmh.MemoryHandlerJULLocationBenchmark.throughputSimple,9,warmup,ops/s,throughputSimple, org.apache.logging.log4j.perf.jmh,70877.738,1,10,2
49,"Throughput, ops/time",MemoryHandlerJULLocationBenchmark,2.0, org.apache.logging.log4j.perf.jmh.MemoryHandlerJULLocationBenchmark.throughputSimple,10,warmup,ops/s,throughputSimple, org.apache.logging.log4j.perf.jmh,73691.886,1,10,2
50,"Throughput, ops/time",MemoryHandlerJULLocationBenchmark,2.0, org.apache.logging.log4j.perf.jmh.MemoryHandlerJULLocationBenchmark.throughputSimple,11,warmup,ops/s,throughputSimple, org.apache.logging.log4j.perf.jmh,67571.666,1,10,2
51,"Throughput, ops/time",MemoryHandlerJULLocationBenchmark,2.0, org.apache.logging.log4j.perf.jmh.MemoryHandlerJULLocationBenchmark.throughputSimple,12,warmup,ops/s,throughputSimple, org.apache.logging.log4j.perf.jmh,72007.664,1,10,2
52,"Throughput, ops/time",MemoryHandlerJULLocationBenchmark,2.0, org.apache.logging.log4j.perf.jmh.MemoryHandlerJULLocationBenchmark.throughputSimple,13,warmup,ops/s,throughputSimple, org.apache.logging.log4j.perf.jmh,71347.507,1,10,2
53,"Throughput, ops/time",MemoryHandlerJULLocationBenchmark,2.0, org.apache.logging.log4j.perf.jmh.MemoryHandlerJULLocationBenchmark.throughputSimple,14,warmup,ops/s,throughputSimple, org.apache.logging.log4j.perf.jmh,77721.302,1,10,2
54,"Throughput, ops/time",MemoryHandlerJULLocationBenchmark,2.0, org.apache.logging.log4j.perf.jmh.MemoryHandlerJULLocationBenchmark.throughputSimple,15,warmup,ops/s,throughputSimple, org.apache.logging.log4j.perf.jmh,70371.234,1,10,2
55,"Throughput, ops/time",MemoryHandlerJULLocationBenchmark,2.0, org.apache.logging.log4j.perf.jmh.MemoryHandlerJULLocationBenchmark.throughputSimple,16,warmup,ops/s,throughputSimple, org.apache.logging.log4j.perf.jmh,73659.125,1,10,2
56,"Throughput, ops/time",MemoryHandlerJULLocationBenchmark,2.0, org.apache.logging.log4j.perf.jmh.MemoryHandlerJULLocationBenchmark.throughputSimple,17,warmup,ops/s,throughputSimple, org.apache.logging.log4j.perf.jmh,77115.913,1,10,2
57,"Throughput, ops/time",MemoryHandlerJULLocationBenchmark,2.0, org.apache.logging.log4j.perf.jmh.MemoryHandlerJULLocationBenchmark.throughputSimple,18,warmup,ops/s,throughputSimple, org.apache.logging.log4j.perf.jmh,77797.883,1,10,2
58,"Throughput, ops/time",MemoryHandlerJULLocationBenchmark,2.0, org.apache.logging.log4j.perf.jmh.MemoryHandlerJULLocationBenchmark.throughputSimple,19,warmup,ops/s,throughputSimple, org.apache.logging.log4j.perf.jmh,79703.079,1,10,2
59,"Throughput, ops/time",MemoryHandlerJULLocationBenchmark,2.0, org.apache.logging.log4j.perf.jmh.MemoryHandlerJULLocationBenchmark.throughputSimple,20,warmup,ops/s,throughputSimple, org.apache.logging.log4j.perf.jmh,83798.839,1,10,2
60,"Throughput, ops/time",MemoryHandlerJULLocationBenchmark,2.0, org.apache.logging.log4j.perf.jmh.MemoryHandlerJULLocationBenchmark.throughputSimple,1,measured,ops/s,throughputSimple, org.apache.logging.log4j.perf.jmh,71418.318,1,10,2
61,"Throughput, ops/time",MemoryHandlerJULLocationBenchmark,2.0, org.apache.logging.log4j.perf.jmh.MemoryHandlerJULLocationBenchmark.throughputSimple,2,measured,ops/s,throughputSimple, org.apache.logging.log4j.perf.jmh,75465.405,1,10,2
62,"Throughput, ops/time",MemoryHandlerJULLocationBenchmark,2.0, org.apache.logging.log4j.perf.jmh.MemoryHandlerJULLocationBenchmark.throughputSimple,3,measured,ops/s,throughputSimple, org.apache.logging.log4j.perf.jmh,77042.959,1,10,2
63,"Throughput, ops/time",MemoryHandlerJULLocationBenchmark,2.0, org.apache.logging.log4j.perf.jmh.MemoryHandlerJULLocationBenchmark.throughputSimple,4,measured,ops/s,throughputSimple, org.apache.logging.log4j.perf.jmh,67921.925,1,10,2
64,"Throughput, ops/time",MemoryHandlerJULLocationBenchmark,2.0, org.apache.logging.log4j.perf.jmh.MemoryHandlerJULLocationBenchmark.throughputSimple,5,measured,ops/s,throughputSimple, org.apache.logging.log4j.perf.jmh,80007.466,1,10,2
65,"Throughput, ops/time",MemoryHandlerJULLocationBenchmark,2.0, org.apache.logging.log4j.perf.jmh.MemoryHandlerJULLocationBenchmark.throughputSimple,6,measured,ops/s,throughputSimple, org.apache.logging.log4j.perf.jmh,79409.346,1,10,2
66,"Throughput, ops/time",MemoryHandlerJULLocationBenchmark,2.0, org.apache.logging.log4j.perf.jmh.MemoryHandlerJULLocationBenchmark.throughputSimple,7,measured,ops/s,throughputSimple, org.apache.logging.log4j.perf.jmh,71487.865,1,10,2
67,"Throughput, ops/time",MemoryHandlerJULLocationBenchmark,2.0, org.apache.logging.log4j.perf.jmh.MemoryHandlerJULLocationBenchmark.throughputSimple,8,measured,ops/s,throughputSimple, org.apache.logging.log4j.perf.jmh,75091.907,1,10,2
68,"Throughput, ops/time",MemoryHandlerJULLocationBenchmark,2.0, org.apache.logging.log4j.perf.jmh.MemoryHandlerJULLocationBenchmark.throughputSimple,9,measured,ops/s,throughputSimple, org.apache.logging.log4j.perf.jmh,77437.497,1,10,2
69,"Throughput, ops/time",MemoryHandlerJULLocationBenchmark,2.0, org.apache.logging.log4j.perf.jmh.MemoryHandlerJULLocationBenchmark.throughputSimple,10,measured,ops/s,throughputSimple, org.apache.logging.log4j.perf.jmh,79384.480,1,10,2
70,"Throughput, ops/time",MemoryHandlerJULLocationBenchmark,2.0, org.apache.logging.log4j.perf.jmh.MemoryHandlerJULLocationBenchmark.throughputSimple,11,measured,ops/s,throughputSimple, org.apache.logging.log4j.perf.jmh,79347.651,1,10,2
71,"Throughput, ops/time",MemoryHandlerJULLocationBenchmark,2.0, org.apache.logging.log4j.perf.jmh.MemoryHandlerJULLocationBenchmark.throughputSimple,12,measured,ops/s,throughputSimple, org.apache.logging.log4j.perf.jmh,89430.156,1,10,2
72,"Throughput, ops/time",MemoryHandlerJULLocationBenchmark,2.0, org.apache.logging.log4j.perf.jmh.MemoryHandlerJULLocationBenchmark.throughputSimple,13,measured,ops/s,throughputSimple, org.apache.logging.log4j.perf.jmh,83091.175,1,10,2
73,"Throughput, ops/time",MemoryHandlerJULLocationBenchmark,2.0, org.apache.logging.log4j.perf.jmh.MemoryHandlerJULLocationBenchmark.throughputSimple,14,measured,ops/s,throughputSimple, org.apache.logging.log4j.perf.jmh,67286.205,1,10,2
74,"Throughput, ops/time",MemoryHandlerJULLocationBenchmark,2.0, org.apache.logging.log4j.perf.jmh.MemoryHandlerJULLocationBenchmark.throughputSimple,15,measured,ops/s,throughputSimple, org.apache.logging.log4j.perf.jmh,77408.966,1,10,2
75,"Throughput, ops/time",MemoryHandlerJULLocationBenchmark,2.0, org.apache.logging.log4j.perf.jmh.MemoryHandlerJULLocationBenchmark.throughputSimple,16,measured,ops/s,throughputSimple, org.apache.logging.log4j.perf.jmh,83908.182,1,10,2
76,"Throughput, ops/time",MemoryHandlerJULLocationBenchmark,2.0, org.apache.logging.log4j.perf.jmh.MemoryHandlerJULLocationBenchmark.throughputSimple,17,measured,ops/s,throughputSimple, org.apache.logging.log4j.perf.jmh,84453.455,1,10,2
77,"Throughput, ops/time",MemoryHandlerJULLocationBenchmark,2.0, org.apache.logging.log4j.perf.jmh.MemoryHandlerJULLocationBenchmark.throughputSimple,18,measured,ops/s,throughputSimple, org.apache.logging.log4j.perf.jmh,75916.487,1,10,2
78,"Throughput, ops/time",MemoryHandlerJULLocationBenchmark,2.0, org.apache.logging.log4j.perf.jmh.MemoryHandlerJULLocationBenchmark.throughputSimple,19,measured,ops/s,throughputSimple, org.apache.logging.log4j.perf.jmh,80457.448,1,10,2
79,"Throughput, ops/time",MemoryHandlerJULLocationBenchmark,2.0, org.apache.logging.log4j.perf.jmh.MemoryHandlerJULLocationBenchmark.throughputSimple,20,measured,ops/s,throughputSimple, org.apache.logging.log4j.perf.jmh,73049.393,1,10,2
80,"Throughput, ops/time",MemoryHandlerJULLocationBenchmark,3.0, org.apache.logging.log4j.perf.jmh.MemoryHandlerJULLocationBenchmark.throughputSimple,1,warmup,ops/s,throughputSimple, org.apache.logging.log4j.perf.jmh,74412.675,1,10,2
81,"Throughput, ops/time",MemoryHandlerJULLocationBenchmark,3.0, org.apache.logging.log4j.perf.jmh.MemoryHandlerJULLocationBenchmark.throughputSimple,2,warmup,ops/s,throughputSimple, org.apache.logging.log4j.perf.jmh,71199.080,1,10,2
82,"Throughput, ops/time",MemoryHandlerJULLocationBenchmark,3.0, org.apache.logging.log4j.perf.jmh.MemoryHandlerJULLocationBenchmark.throughputSimple,3,warmup,ops/s,throughputSimple, org.apache.logging.log4j.perf.jmh,75347.519,1,10,2
83,"Throughput, ops/time",MemoryHandlerJULLocationBenchmark,3.0, org.apache.logging.log4j.perf.jmh.MemoryHandlerJULLocationBenchmark.throughputSimple,4,warmup,ops/s,throughputSimple, org.apache.logging.log4j.perf.jmh,77486.539,1,10,2
84,"Throughput, ops/time",MemoryHandlerJULLocationBenchmark,3.0, org.apache.logging.log4j.perf.jmh.MemoryHandlerJULLocationBenchmark.throughputSimple,5,warmup,ops/s,throughputSimple, org.apache.logging.log4j.perf.jmh,73132.158,1,10,2
85,"Throughput, ops/time",MemoryHandlerJULLocationBenchmark,3.0, org.apache.logging.log4j.perf.jmh.MemoryHandlerJULLocationBenchmark.throughputSimple,6,warmup,ops/s,throughputSimple, org.apache.logging.log4j.perf.jmh,66525.895,1,10,2
86,"Throughput, ops/time",MemoryHandlerJULLocationBenchmark,3.0, org.apache.logging.log4j.perf.jmh.MemoryHandlerJULLocationBenchmark.throughputSimple,7,warmup,ops/s,throughputSimple, org.apache.logging.log4j.perf.jmh,67724.292,1,10,2
87,"Throughput, ops/time",MemoryHandlerJULLocationBenchmark,3.0, org.apache.logging.log4j.perf.jmh.MemoryHandlerJULLocationBenchmark.throughputSimple,8,warmup,ops/s,throughputSimple, org.apache.logging.log4j.perf.jmh,73494.441,1,10,2
88,"Throughput, ops/time",MemoryHandlerJULLocationBenchmark,3.0, org.apache.logging.log4j.perf.jmh.MemoryHandlerJULLocationBenchmark.throughputSimple,9,warmup,ops/s,throughputSimple, org.apache.logging.log4j.perf.jmh,73077.723,1,10,2
89,"Throughput, ops/time",MemoryHandlerJULLocationBenchmark,3.0, org.apache.logging.log4j.perf.jmh.MemoryHandlerJULLocationBenchmark.throughputSimple,10,warmup,ops/s,throughputSimple, org.apache.logging.log4j.perf.jmh,77073.300,1,10,2
90,"Throughput, ops/time",MemoryHandlerJULLocationBenchmark,3.0, org.apache.logging.log4j.perf.jmh.MemoryHandlerJULLocationBenchmark.throughputSimple,11,warmup,ops/s,throughputSimple, org.apache.logging.log4j.perf.jmh,77796.013,1,10,2
91,"Throughput, ops/time",MemoryHandlerJULLocationBenchmark,3.0, org.apache.logging.log4j.perf.jmh.MemoryHandlerJULLocationBenchmark.throughputSimple,12,warmup,ops/s,throughputSimple, org.apache.logging.log4j.perf.jmh,71537.658,1,10,2
92,"Throughput, ops/time",MemoryHandlerJULLocationBenchmark,3.0, org.apache.logging.log4j.perf.jmh.MemoryHandlerJULLocationBenchmark.throughputSimple,13,warmup,ops/s,throughputSimple, org.apache.logging.log4j.perf.jmh,74486.178,1,10,2
93,"Throughput, ops/time",MemoryHandlerJULLocationBenchmark,3.0, org.apache.logging.log4j.perf.jmh.MemoryHandlerJULLocationBenchmark.throughputSimple,14,warmup,ops/s,throughputSimple, org.apache.logging.log4j.perf.jmh,77799.134,1,10,2
94,"Throughput, ops/time",MemoryHandlerJULLocationBenchmark,3.0, org.apache.logging.log4j.perf.jmh.MemoryHandlerJULLocationBenchmark.throughputSimple,15,warmup,ops/s,throughputSimple, org.apache.logging.log4j.perf.jmh,76788.878,1,10,2
95,"Throughput, ops/time",MemoryHandlerJULLocationBenchmark,3.0, org.apache.logging.log4j.perf.jmh.MemoryHandlerJULLocationBenchmark.throughputSimple,16,warmup,ops/s,throughputSimple, org.apache.logging.log4j.perf.jmh,71222.968,1,10,2
96,"Throughput, ops/time",MemoryHandlerJULLocationBenchmark,3.0, org.apache.logging.log4j.perf.jmh.MemoryHandlerJULLocationBenchmark.throughputSimple,17,warmup,ops/s,throughputSimple, org.apache.logging.log4j.perf.jmh,82397.591,1,10,2
97,"Throughput, ops/time",MemoryHandlerJULLocationBenchmark,3.0, org.apache.logging.log4j.perf.jmh.MemoryHandlerJULLocationBenchmark.throughputSimple,18,warmup,ops/s,throughputSimple, org.apache.logging.log4j.perf.jmh,72514.546,1,10,2
98,"Throughput, ops/time",MemoryHandlerJULLocationBenchmark,3.0, org.apache.logging.log4j.perf.jmh.MemoryHandlerJULLocationBenchmark.throughputSimple,19,warmup,ops/s,throughputSimple, org.apache.logging.log4j.perf.jmh,81423.833,1,10,2
99,"Throughput, ops/time",MemoryHandlerJULLocationBenchmark,3.0, org.apache.logging.log4j.perf.jmh.MemoryHandlerJULLocationBenchmark.throughputSimple,20,warmup,ops/s,throughputSimple, org.apache.logging.log4j.perf.jmh,84045.376,1,10,2
100,"Throughput, ops/time",MemoryHandlerJULLocationBenchmark,3.0, org.apache.logging.log4j.perf.jmh.MemoryHandlerJULLocationBenchmark.throughputSimple,1,measured,ops/s,throughputSimple, org.apache.logging.log4j.perf.jmh,76752.532,1,10,2
101,"Throughput, ops/time",MemoryHandlerJULLocationBenchmark,3.0, org.apache.logging.log4j.perf.jmh.MemoryHandlerJULLocationBenchmark.throughputSimple,2,measured,ops/s,throughputSimple, org.apache.logging.log4j.perf.jmh,84446.557,1,10,2
102,"Throughput, ops/time",MemoryHandlerJULLocationBenchmark,3.0, org.apache.logging.log4j.perf.jmh.MemoryHandlerJULLocationBenchmark.throughputSimple,3,measured,ops/s,throughputSimple, org.apache.logging.log4j.perf.jmh,66281.776,1,10,2
103,"Throughput, ops/time",MemoryHandlerJULLocationBenchmark,3.0, org.apache.logging.log4j.perf.jmh.MemoryHandlerJULLocationBenchmark.throughputSimple,4,measured,ops/s,throughputSimple, org.apache.logging.log4j.perf.jmh,79261.533,1,10,2
104,"Throughput, ops/time",MemoryHandlerJULLocationBenchmark,3.0, org.apache.logging.log4j.perf.jmh.MemoryHandlerJULLocationBenchmark.throughputSimple,5,measured,ops/s,throughputSimple, org.apache.logging.log4j.perf.jmh,83453.566,1,10,2
105,"Throughput, ops/time",MemoryHandlerJULLocationBenchmark,3.0, org.apache.logging.log4j.perf.jmh.MemoryHandlerJULLocationBenchmark.throughputSimple,6,measured,ops/s,throughputSimple, org.apache.logging.log4j.perf.jmh,65346.313,1,10,2
106,"Throughput, ops/time",MemoryHandlerJULLocationBenchmark,3.0, org.apache.logging.log4j.perf.jmh.MemoryHandlerJULLocationBenchmark.throughputSimple,7,measured,ops/s,throughputSimple, org.apache.logging.log4j.perf.jmh,79885.109,1,10,2
107,"Throughput, ops/time",MemoryHandlerJULLocationBenchmark,3.0, org.apache.logging.log4j.perf.jmh.MemoryHandlerJULLocationBenchmark.throughputSimple,8,measured,ops/s,throughputSimple, org.apache.logging.log4j.perf.jmh,77689.398,1,10,2
108,"Throughput, ops/time",MemoryHandlerJULLocationBenchmark,3.0, org.apache.logging.log4j.perf.jmh.MemoryHandlerJULLocationBenchmark.throughputSimple,9,measured,ops/s,throughputSimple, org.apache.logging.log4j.perf.jmh,64557.932,1,10,2
109,"Throughput, ops/time",MemoryHandlerJULLocationBenchmark,3.0, org.apache.logging.log4j.perf.jmh.MemoryHandlerJULLocationBenchmark.throughputSimple,10,measured,ops/s,throughputSimple, org.apache.logging.log4j.perf.jmh,79792.190,1,10,2
110,"Throughput, ops/time",MemoryHandlerJULLocationBenchmark,3.0, org.apache.logging.log4j.perf.jmh.MemoryHandlerJULLocationBenchmark.throughputSimple,11,measured,ops/s,throughputSimple, org.apache.logging.log4j.perf.jmh,78299.894,1,10,2
111,"Throughput, ops/time",MemoryHandlerJULLocationBenchmark,3.0, org.apache.logging.log4j.perf.jmh.MemoryHandlerJULLocationBenchmark.throughputSimple,12,measured,ops/s,throughputSimple, org.apache.logging.log4j.perf.jmh,84282.280,1,10,2
112,"Throughput, ops/time",MemoryHandlerJULLocationBenchmark,3.0, org.apache.logging.log4j.perf.jmh.MemoryHandlerJULLocationBenchmark.throughputSimple,13,measured,ops/s,throughputSimple, org.apache.logging.log4j.perf.jmh,83316.432,1,10,2
113,"Throughput, ops/time",MemoryHandlerJULLocationBenchmark,3.0, org.apache.logging.log4j.perf.jmh.MemoryHandlerJULLocationBenchmark.throughputSimple,14,measured,ops/s,throughputSimple, org.apache.logging.log4j.perf.jmh,71299.995,1,10,2
114,"Throughput, ops/time",MemoryHandlerJULLocationBenchmark,3.0, org.apache.logging.log4j.perf.jmh.MemoryHandlerJULLocationBenchmark.throughputSimple,15,measured,ops/s,throughputSimple, org.apache.logging.log4j.perf.jmh,83861.279,1,10,2
115,"Throughput, ops/time",MemoryHandlerJULLocationBenchmark,3.0, org.apache.logging.log4j.perf.jmh.MemoryHandlerJULLocationBenchmark.throughputSimple,16,measured,ops/s,throughputSimple, org.apache.logging.log4j.perf.jmh,84691.727,1,10,2
116,"Throughput, ops/time",MemoryHandlerJULLocationBenchmark,3.0, org.apache.logging.log4j.perf.jmh.MemoryHandlerJULLocationBenchmark.throughputSimple,17,measured,ops/s,throughputSimple, org.apache.logging.log4j.perf.jmh,84051.246,1,10,2
117,"Throughput, ops/time",MemoryHandlerJULLocationBenchmark,3.0, org.apache.logging.log4j.perf.jmh.MemoryHandlerJULLocationBenchmark.throughputSimple,18,measured,ops/s,throughputSimple, org.apache.logging.log4j.perf.jmh,77654.383,1,10,2
118,"Throughput, ops/time",MemoryHandlerJULLocationBenchmark,3.0, org.apache.logging.log4j.perf.jmh.MemoryHandlerJULLocationBenchmark.throughputSimple,19,measured,ops/s,throughputSimple, org.apache.logging.log4j.perf.jmh,77544.277,1,10,2
119,"Throughput, ops/time",MemoryHandlerJULLocationBenchmark,3.0, org.apache.logging.log4j.perf.jmh.MemoryHandlerJULLocationBenchmark.throughputSimple,20,measured,ops/s,throughputSimple, org.apache.logging.log4j.perf.jmh,83879.605,1,10,2
120,"Throughput, ops/time",MemoryHandlerJULLocationBenchmark,4.0, org.apache.logging.log4j.perf.jmh.MemoryHandlerJULLocationBenchmark.throughputSimple,1,warmup,ops/s,throughputSimple, org.apache.logging.log4j.perf.jmh,76857.606,1,10,2
121,"Throughput, ops/time",MemoryHandlerJULLocationBenchmark,4.0, org.apache.logging.log4j.perf.jmh.MemoryHandlerJULLocationBenchmark.throughputSimple,2,warmup,ops/s,throughputSimple, org.apache.logging.log4j.perf.jmh,71549.928,1,10,2
122,"Throughput, ops/time",MemoryHandlerJULLocationBenchmark,4.0, org.apache.logging.log4j.perf.jmh.MemoryHandlerJULLocationBenchmark.throughputSimple,3,warmup,ops/s,throughputSimple, org.apache.logging.log4j.perf.jmh,75243.584,1,10,2
123,"Throughput, ops/time",MemoryHandlerJULLocationBenchmark,4.0, org.apache.logging.log4j.perf.jmh.MemoryHandlerJULLocationBenchmark.throughputSimple,4,warmup,ops/s,throughputSimple, org.apache.logging.log4j.perf.jmh,78254.185,1,10,2
124,"Throughput, ops/time",MemoryHandlerJULLocationBenchmark,4.0, org.apache.logging.log4j.perf.jmh.MemoryHandlerJULLocationBenchmark.throughputSimple,5,warmup,ops/s,throughputSimple, org.apache.logging.log4j.perf.jmh,78801.232,1,10,2
125,"Throughput, ops/time",MemoryHandlerJULLocationBenchmark,4.0, org.apache.logging.log4j.perf.jmh.MemoryHandlerJULLocationBenchmark.throughputSimple,6,warmup,ops/s,throughputSimple, org.apache.logging.log4j.perf.jmh,70026.972,1,10,2
126,"Throughput, ops/time",MemoryHandlerJULLocationBenchmark,4.0, org.apache.logging.log4j.perf.jmh.MemoryHandlerJULLocationBenchmark.throughputSimple,7,warmup,ops/s,throughputSimple, org.apache.logging.log4j.perf.jmh,75300.276,1,10,2
127,"Throughput, ops/time",MemoryHandlerJULLocationBenchmark,4.0, org.apache.logging.log4j.perf.jmh.MemoryHandlerJULLocationBenchmark.throughputSimple,8,warmup,ops/s,throughputSimple, org.apache.logging.log4j.perf.jmh,79373.994,1,10,2
128,"Throughput, ops/time",MemoryHandlerJULLocationBenchmark,4.0, org.apache.logging.log4j.perf.jmh.MemoryHandlerJULLocationBenchmark.throughputSimple,9,warmup,ops/s,throughputSimple, org.apache.logging.log4j.perf.jmh,59775.384,1,10,2
129,"Throughput, ops/time",MemoryHandlerJULLocationBenchmark,4.0, org.apache.logging.log4j.perf.jmh.MemoryHandlerJULLocationBenchmark.throughputSimple,10,warmup,ops/s,throughputSimple, org.apache.logging.log4j.perf.jmh,75451.988,1,10,2
130,"Throughput, ops/time",MemoryHandlerJULLocationBenchmark,4.0, org.apache.logging.log4j.perf.jmh.MemoryHandlerJULLocationBenchmark.throughputSimple,11,warmup,ops/s,throughputSimple, org.apache.logging.log4j.perf.jmh,72595.713,1,10,2
131,"Throughput, ops/time",MemoryHandlerJULLocationBenchmark,4.0, org.apache.logging.log4j.perf.jmh.MemoryHandlerJULLocationBenchmark.throughputSimple,12,warmup,ops/s,throughputSimple, org.apache.logging.log4j.perf.jmh,67468.537,1,10,2
132,"Throughput, ops/time",MemoryHandlerJULLocationBenchmark,4.0, org.apache.logging.log4j.perf.jmh.MemoryHandlerJULLocationBenchmark.throughputSimple,13,warmup,ops/s,throughputSimple, org.apache.logging.log4j.perf.jmh,76165.966,1,10,2
133,"Throughput, ops/time",MemoryHandlerJULLocationBenchmark,4.0, org.apache.logging.log4j.perf.jmh.MemoryHandlerJULLocationBenchmark.throughputSimple,14,warmup,ops/s,throughputSimple, org.apache.logging.log4j.perf.jmh,78933.411,1,10,2
134,"Throughput, ops/time",MemoryHandlerJULLocationBenchmark,4.0, org.apache.logging.log4j.perf.jmh.MemoryHandlerJULLocationBenchmark.throughputSimple,15,warmup,ops/s,throughputSimple, org.apache.logging.log4j.perf.jmh,67469.473,1,10,2
135,"Throughput, ops/time",MemoryHandlerJULLocationBenchmark,4.0, org.apache.logging.log4j.perf.jmh.MemoryHandlerJULLocationBenchmark.throughputSimple,16,warmup,ops/s,throughputSimple, org.apache.logging.log4j.perf.jmh,72865.708,1,10,2
136,"Throughput, ops/time",MemoryHandlerJULLocationBenchmark,4.0, org.apache.logging.log4j.perf.jmh.MemoryHandlerJULLocationBenchmark.throughputSimple,17,warmup,ops/s,throughputSimple, org.apache.logging.log4j.perf.jmh,77382.192,1,10,2
137,"Throughput, ops/time",MemoryHandlerJULLocationBenchmark,4.0, org.apache.logging.log4j.perf.jmh.MemoryHandlerJULLocationBenchmark.throughputSimple,18,warmup,ops/s,throughputSimple, org.apache.logging.log4j.perf.jmh,72503.406,1,10,2
138,"Throughput, ops/time",MemoryHandlerJULLocationBenchmark,4.0, org.apache.logging.log4j.perf.jmh.MemoryHandlerJULLocationBenchmark.throughputSimple,19,warmup,ops/s,throughputSimple, org.apache.logging.log4j.perf.jmh,79971.410,1,10,2
139,"Throughput, ops/time",MemoryHandlerJULLocationBenchmark,4.0, org.apache.logging.log4j.perf.jmh.MemoryHandlerJULLocationBenchmark.throughputSimple,20,warmup,ops/s,throughputSimple, org.apache.logging.log4j.perf.jmh,83701.790,1,10,2
140,"Throughput, ops/time",MemoryHandlerJULLocationBenchmark,4.0, org.apache.logging.log4j.perf.jmh.MemoryHandlerJULLocationBenchmark.throughputSimple,1,measured,ops/s,throughputSimple, org.apache.logging.log4j.perf.jmh,74783.001,1,10,2
141,"Throughput, ops/time",MemoryHandlerJULLocationBenchmark,4.0, org.apache.logging.log4j.perf.jmh.MemoryHandlerJULLocationBenchmark.throughputSimple,2,measured,ops/s,throughputSimple, org.apache.logging.log4j.perf.jmh,83392.132,1,10,2
142,"Throughput, ops/time",MemoryHandlerJULLocationBenchmark,4.0, org.apache.logging.log4j.perf.jmh.MemoryHandlerJULLocationBenchmark.throughputSimple,3,measured,ops/s,throughputSimple, org.apache.logging.log4j.perf.jmh,73782.623,1,10,2
143,"Throughput, ops/time",MemoryHandlerJULLocationBenchmark,4.0, org.apache.logging.log4j.perf.jmh.MemoryHandlerJULLocationBenchmark.throughputSimple,4,measured,ops/s,throughputSimple, org.apache.logging.log4j.perf.jmh,76177.723,1,10,2
144,"Throughput, ops/time",MemoryHandlerJULLocationBenchmark,4.0, org.apache.logging.log4j.perf.jmh.MemoryHandlerJULLocationBenchmark.throughputSimple,5,measured,ops/s,throughputSimple, org.apache.logging.log4j.perf.jmh,84569.466,1,10,2
145,"Throughput, ops/time",MemoryHandlerJULLocationBenchmark,4.0, org.apache.logging.log4j.perf.jmh.MemoryHandlerJULLocationBenchmark.throughputSimple,6,measured,ops/s,throughputSimple, org.apache.logging.log4j.perf.jmh,74291.396,1,10,2
146,"Throughput, ops/time",MemoryHandlerJULLocationBenchmark,4.0, org.apache.logging.log4j.perf.jmh.MemoryHandlerJULLocationBenchmark.throughputSimple,7,measured,ops/s,throughputSimple, org.apache.logging.log4j.perf.jmh,79806.615,1,10,2
147,"Throughput, ops/time",MemoryHandlerJULLocationBenchmark,4.0, org.apache.logging.log4j.perf.jmh.MemoryHandlerJULLocationBenchmark.throughputSimple,8,measured,ops/s,throughputSimple, org.apache.logging.log4j.perf.jmh,86146.277,1,10,2
148,"Throughput, ops/time",MemoryHandlerJULLocationBenchmark,4.0, org.apache.logging.log4j.perf.jmh.MemoryHandlerJULLocationBenchmark.throughputSimple,9,measured,ops/s,throughputSimple, org.apache.logging.log4j.perf.jmh,71576.665,1,10,2
149,"Throughput, ops/time",MemoryHandlerJULLocationBenchmark,4.0, org.apache.logging.log4j.perf.jmh.MemoryHandlerJULLocationBenchmark.throughputSimple,10,measured,ops/s,throughputSimple, org.apache.logging.log4j.perf.jmh,77338.449,1,10,2
150,"Throughput, ops/time",MemoryHandlerJULLocationBenchmark,4.0, org.apache.logging.log4j.perf.jmh.MemoryHandlerJULLocationBenchmark.throughputSimple,11,measured,ops/s,throughputSimple, org.apache.logging.log4j.perf.jmh,83729.340,1,10,2
151,"Throughput, ops/time",MemoryHandlerJULLocationBenchmark,4.0, org.apache.logging.log4j.perf.jmh.MemoryHandlerJULLocationBenchmark.throughputSimple,12,measured,ops/s,throughputSimple, org.apache.logging.log4j.perf.jmh,76978.671,1,10,2
152,"Throughput, ops/time",MemoryHandlerJULLocationBenchmark,4.0, org.apache.logging.log4j.perf.jmh.MemoryHandlerJULLocationBenchmark.throughputSimple,13,measured,ops/s,throughputSimple, org.apache.logging.log4j.perf.jmh,76066.228,1,10,2
153,"Throughput, ops/time",MemoryHandlerJULLocationBenchmark,4.0, org.apache.logging.log4j.perf.jmh.MemoryHandlerJULLocationBenchmark.throughputSimple,14,measured,ops/s,throughputSimple, org.apache.logging.log4j.perf.jmh,75879.400,1,10,2
154,"Throughput, ops/time",MemoryHandlerJULLocationBenchmark,4.0, org.apache.logging.log4j.perf.jmh.MemoryHandlerJULLocationBenchmark.throughputSimple,15,measured,ops/s,throughputSimple, org.apache.logging.log4j.perf.jmh,83727.791,1,10,2
155,"Throughput, ops/time",MemoryHandlerJULLocationBenchmark,4.0, org.apache.logging.log4j.perf.jmh.MemoryHandlerJULLocationBenchmark.throughputSimple,16,measured,ops/s,throughputSimple, org.apache.logging.log4j.perf.jmh,83745.655,1,10,2
156,"Throughput, ops/time",MemoryHandlerJULLocationBenchmark,4.0, org.apache.logging.log4j.perf.jmh.MemoryHandlerJULLocationBenchmark.throughputSimple,17,measured,ops/s,throughputSimple, org.apache.logging.log4j.perf.jmh,83904.359,1,10,2
157,"Throughput, ops/time",MemoryHandlerJULLocationBenchmark,4.0, org.apache.logging.log4j.perf.jmh.MemoryHandlerJULLocationBenchmark.throughputSimple,18,measured,ops/s,throughputSimple, org.apache.logging.log4j.perf.jmh,78164.840,1,10,2
158,"Throughput, ops/time",MemoryHandlerJULLocationBenchmark,4.0, org.apache.logging.log4j.perf.jmh.MemoryHandlerJULLocationBenchmark.throughputSimple,19,measured,ops/s,throughputSimple, org.apache.logging.log4j.perf.jmh,78424.282,1,10,2
159,"Throughput, ops/time",MemoryHandlerJULLocationBenchmark,4.0, org.apache.logging.log4j.perf.jmh.MemoryHandlerJULLocationBenchmark.throughputSimple,20,measured,ops/s,throughputSimple, org.apache.logging.log4j.perf.jmh,83772.521,1,10,2
160,"Throughput, ops/time",MemoryHandlerJULLocationBenchmark,5.0, org.apache.logging.log4j.perf.jmh.MemoryHandlerJULLocationBenchmark.throughputSimple,1,warmup,ops/s,throughputSimple, org.apache.logging.log4j.perf.jmh,74677.293,1,10,2
161,"Throughput, ops/time",MemoryHandlerJULLocationBenchmark,5.0, org.apache.logging.log4j.perf.jmh.MemoryHandlerJULLocationBenchmark.throughputSimple,2,warmup,ops/s,throughputSimple, org.apache.logging.log4j.perf.jmh,75765.764,1,10,2
162,"Throughput, ops/time",MemoryHandlerJULLocationBenchmark,5.0, org.apache.logging.log4j.perf.jmh.MemoryHandlerJULLocationBenchmark.throughputSimple,3,warmup,ops/s,throughputSimple, org.apache.logging.log4j.perf.jmh,75673.867,1,10,2
163,"Throughput, ops/time",MemoryHandlerJULLocationBenchmark,5.0, org.apache.logging.log4j.perf.jmh.MemoryHandlerJULLocationBenchmark.throughputSimple,4,warmup,ops/s,throughputSimple, org.apache.logging.log4j.perf.jmh,76877.189,1,10,2
164,"Throughput, ops/time",MemoryHandlerJULLocationBenchmark,5.0, org.apache.logging.log4j.perf.jmh.MemoryHandlerJULLocationBenchmark.throughputSimple,5,warmup,ops/s,throughputSimple, org.apache.logging.log4j.perf.jmh,77182.780,1,10,2
165,"Throughput, ops/time",MemoryHandlerJULLocationBenchmark,5.0, org.apache.logging.log4j.perf.jmh.MemoryHandlerJULLocationBenchmark.throughputSimple,6,warmup,ops/s,throughputSimple, org.apache.logging.log4j.perf.jmh,69806.907,1,10,2
166,"Throughput, ops/time",MemoryHandlerJULLocationBenchmark,5.0, org.apache.logging.log4j.perf.jmh.MemoryHandlerJULLocationBenchmark.throughputSimple,7,warmup,ops/s,throughputSimple, org.apache.logging.log4j.perf.jmh,69256.039,1,10,2
167,"Throughput, ops/time",MemoryHandlerJULLocationBenchmark,5.0, org.apache.logging.log4j.perf.jmh.MemoryHandlerJULLocationBenchmark.throughputSimple,8,warmup,ops/s,throughputSimple, org.apache.logging.log4j.perf.jmh,66529.556,1,10,2
168,"Throughput, ops/time",MemoryHandlerJULLocationBenchmark,5.0, org.apache.logging.log4j.perf.jmh.MemoryHandlerJULLocationBenchmark.throughputSimple,9,warmup,ops/s,throughputSimple, org.apache.logging.log4j.perf.jmh,70099.613,1,10,2
169,"Throughput, ops/time",MemoryHandlerJULLocationBenchmark,5.0, org.apache.logging.log4j.perf.jmh.MemoryHandlerJULLocationBenchmark.throughputSimple,10,warmup,ops/s,throughputSimple, org.apache.logging.log4j.perf.jmh,76713.706,1,10,2
170,"Throughput, ops/time",MemoryHandlerJULLocationBenchmark,5.0, org.apache.logging.log4j.perf.jmh.MemoryHandlerJULLocationBenchmark.throughputSimple,11,warmup,ops/s,throughputSimple, org.apache.logging.log4j.perf.jmh,73159.194,1,10,2
171,"Throughput, ops/time",MemoryHandlerJULLocationBenchmark,5.0, org.apache.logging.log4j.perf.jmh.MemoryHandlerJULLocationBenchmark.throughputSimple,12,warmup,ops/s,throughputSimple, org.apache.logging.log4j.perf.jmh,76412.145,1,10,2
172,"Throughput, ops/time",MemoryHandlerJULLocationBenchmark,5.0, org.apache.logging.log4j.perf.jmh.MemoryHandlerJULLocationBenchmark.throughputSimple,13,warmup,ops/s,throughputSimple, org.apache.logging.log4j.perf.jmh,71228.462,1,10,2
173,"Throughput, ops/time",MemoryHandlerJULLocationBenchmark,5.0, org.apache.logging.log4j.perf.jmh.MemoryHandlerJULLocationBenchmark.throughputSimple,14,warmup,ops/s,throughputSimple, org.apache.logging.log4j.perf.jmh,71355.360,1,10,2
174,"Throughput, ops/time",MemoryHandlerJULLocationBenchmark,5.0, org.apache.logging.log4j.perf.jmh.MemoryHandlerJULLocationBenchmark.throughputSimple,15,warmup,ops/s,throughputSimple, org.apache.logging.log4j.perf.jmh,75535.954,1,10,2
175,"Throughput, ops/time",MemoryHandlerJULLocationBenchmark,5.0, org.apache.logging.log4j.perf.jmh.MemoryHandlerJULLocationBenchmark.throughputSimple,16,warmup,ops/s,throughputSimple, org.apache.logging.log4j.perf.jmh,71170.290,1,10,2
176,"Throughput, ops/time",MemoryHandlerJULLocationBenchmark,5.0, org.apache.logging.log4j.perf.jmh.MemoryHandlerJULLocationBenchmark.throughputSimple,17,warmup,ops/s,throughputSimple, org.apache.logging.log4j.perf.jmh,76990.418,1,10,2
177,"Throughput, ops/time",MemoryHandlerJULLocationBenchmark,5.0, org.apache.logging.log4j.perf.jmh.MemoryHandlerJULLocationBenchmark.throughputSimple,18,warmup,ops/s,throughputSimple, org.apache.logging.log4j.perf.jmh,69105.528,1,10,2
178,"Throughput, ops/time",MemoryHandlerJULLocationBenchmark,5.0, org.apache.logging.log4j.perf.jmh.MemoryHandlerJULLocationBenchmark.throughputSimple,19,warmup,ops/s,throughputSimple, org.apache.logging.log4j.perf.jmh,72810.893,1,10,2
179,"Throughput, ops/time",MemoryHandlerJULLocationBenchmark,5.0, org.apache.logging.log4j.perf.jmh.MemoryHandlerJULLocationBenchmark.throughputSimple,20,warmup,ops/s,throughputSimple, org.apache.logging.log4j.perf.jmh,80902.291,1,10,2
180,"Throughput, ops/time",MemoryHandlerJULLocationBenchmark,5.0, org.apache.logging.log4j.perf.jmh.MemoryHandlerJULLocationBenchmark.throughputSimple,1,measured,ops/s,throughputSimple, org.apache.logging.log4j.perf.jmh,71406.387,1,10,2
181,"Throughput, ops/time",MemoryHandlerJULLocationBenchmark,5.0, org.apache.logging.log4j.perf.jmh.MemoryHandlerJULLocationBenchmark.throughputSimple,2,measured,ops/s,throughputSimple, org.apache.logging.log4j.perf.jmh,80183.909,1,10,2
182,"Throughput, ops/time",MemoryHandlerJULLocationBenchmark,5.0, org.apache.logging.log4j.perf.jmh.MemoryHandlerJULLocationBenchmark.throughputSimple,3,measured,ops/s,throughputSimple, org.apache.logging.log4j.perf.jmh,75419.850,1,10,2
183,"Throughput, ops/time",MemoryHandlerJULLocationBenchmark,5.0, org.apache.logging.log4j.perf.jmh.MemoryHandlerJULLocationBenchmark.throughputSimple,4,measured,ops/s,throughputSimple, org.apache.logging.log4j.perf.jmh,63703.078,1,10,2
184,"Throughput, ops/time",MemoryHandlerJULLocationBenchmark,5.0, org.apache.logging.log4j.perf.jmh.MemoryHandlerJULLocationBenchmark.throughputSimple,5,measured,ops/s,throughputSimple, org.apache.logging.log4j.perf.jmh,80420.623,1,10,2
185,"Throughput, ops/time",MemoryHandlerJULLocationBenchmark,5.0, org.apache.logging.log4j.perf.jmh.MemoryHandlerJULLocationBenchmark.throughputSimple,6,measured,ops/s,throughputSimple, org.apache.logging.log4j.perf.jmh,77258.618,1,10,2
186,"Throughput, ops/time",MemoryHandlerJULLocationBenchmark,5.0, org.apache.logging.log4j.perf.jmh.MemoryHandlerJULLocationBenchmark.throughputSimple,7,measured,ops/s,throughputSimple, org.apache.logging.log4j.perf.jmh,69268.352,1,10,2
187,"Throughput, ops/time",MemoryHandlerJULLocationBenchmark,5.0, org.apache.logging.log4j.perf.jmh.MemoryHandlerJULLocationBenchmark.throughputSimple,8,measured,ops/s,throughputSimple, org.apache.logging.log4j.perf.jmh,84281.014,1,10,2
188,"Throughput, ops/time",MemoryHandlerJULLocationBenchmark,5.0, org.apache.logging.log4j.perf.jmh.MemoryHandlerJULLocationBenchmark.throughputSimple,9,measured,ops/s,throughputSimple, org.apache.logging.log4j.perf.jmh,70194.059,1,10,2
189,"Throughput, ops/time",MemoryHandlerJULLocationBenchmark,5.0, org.apache.logging.log4j.perf.jmh.MemoryHandlerJULLocationBenchmark.throughputSimple,10,measured,ops/s,throughputSimple, org.apache.logging.log4j.perf.jmh,79436.207,1,10,2
190,"Throughput, ops/time",MemoryHandlerJULLocationBenchmark,5.0, org.apache.logging.log4j.perf.jmh.MemoryHandlerJULLocationBenchmark.throughputSimple,11,measured,ops/s,throughputSimple, org.apache.logging.log4j.perf.jmh,66003.152,1,10,2
191,"Throughput, ops/time",MemoryHandlerJULLocationBenchmark,5.0, org.apache.logging.log4j.perf.jmh.MemoryHandlerJULLocationBenchmark.throughputSimple,12,measured,ops/s,throughputSimple, org.apache.logging.log4j.perf.jmh,83617.467,1,10,2
192,"Throughput, ops/time",MemoryHandlerJULLocationBenchmark,5.0, org.apache.logging.log4j.perf.jmh.MemoryHandlerJULLocationBenchmark.throughputSimple,13,measured,ops/s,throughputSimple, org.apache.logging.log4j.perf.jmh,83039.837,1,10,2
193,"Throughput, ops/time",MemoryHandlerJULLocationBenchmark,5.0, org.apache.logging.log4j.perf.jmh.MemoryHandlerJULLocationBenchmark.throughputSimple,14,measured,ops/s,throughputSimple, org.apache.logging.log4j.perf.jmh,67316.482,1,10,2
194,"Throughput, ops/time",MemoryHandlerJULLocationBenchmark,5.0, org.apache.logging.log4j.perf.jmh.MemoryHandlerJULLocationBenchmark.throughputSimple,15,measured,ops/s,throughputSimple, org.apache.logging.log4j.perf.jmh,77265.369,1,10,2
195,"Throughput, ops/time",MemoryHandlerJULLocationBenchmark,5.0, org.apache.logging.log4j.perf.jmh.MemoryHandlerJULLocationBenchmark.throughputSimple,16,measured,ops/s,throughputSimple, org.apache.logging.log4j.perf.jmh,83476.775,1,10,2
196,"Throughput, ops/time",MemoryHandlerJULLocationBenchmark,5.0, org.apache.logging.log4j.perf.jmh.MemoryHandlerJULLocationBenchmark.throughputSimple,17,measured,ops/s,throughputSimple, org.apache.logging.log4j.perf.jmh,78194.534,1,10,2
197,"Throughput, ops/time",MemoryHandlerJULLocationBenchmark,5.0, org.apache.logging.log4j.perf.jmh.MemoryHandlerJULLocationBenchmark.throughputSimple,18,measured,ops/s,throughputSimple, org.apache.logging.log4j.perf.jmh,68356.602,1,10,2
198,"Throughput, ops/time",MemoryHandlerJULLocationBenchmark,5.0, org.apache.logging.log4j.perf.jmh.MemoryHandlerJULLocationBenchmark.throughputSimple,19,measured,ops/s,throughputSimple, org.apache.logging.log4j.perf.jmh,74888.177,1,10,2
199,"Throughput, ops/time",MemoryHandlerJULLocationBenchmark,5.0, org.apache.logging.log4j.perf.jmh.MemoryHandlerJULLocationBenchmark.throughputSimple,20,measured,ops/s,throughputSimple, org.apache.logging.log4j.perf.jmh,79873.117,1,10,2
200,"Throughput, ops/time",MemoryHandlerJULLocationBenchmark,6.0, org.apache.logging.log4j.perf.jmh.MemoryHandlerJULLocationBenchmark.throughputSimple,1,warmup,ops/s,throughputSimple, org.apache.logging.log4j.perf.jmh,70204.226,1,10,2
201,"Throughput, ops/time",MemoryHandlerJULLocationBenchmark,6.0, org.apache.logging.log4j.perf.jmh.MemoryHandlerJULLocationBenchmark.throughputSimple,2,warmup,ops/s,throughputSimple, org.apache.logging.log4j.perf.jmh,75716.256,1,10,2
202,"Throughput, ops/time",MemoryHandlerJULLocationBenchmark,6.0, org.apache.logging.log4j.perf.jmh.MemoryHandlerJULLocationBenchmark.throughputSimple,3,warmup,ops/s,throughputSimple, org.apache.logging.log4j.perf.jmh,70084.968,1,10,2
203,"Throughput, ops/time",MemoryHandlerJULLocationBenchmark,6.0, org.apache.logging.log4j.perf.jmh.MemoryHandlerJULLocationBenchmark.throughputSimple,4,warmup,ops/s,throughputSimple, org.apache.logging.log4j.perf.jmh,80702.098,1,10,2
204,"Throughput, ops/time",MemoryHandlerJULLocationBenchmark,6.0, org.apache.logging.log4j.perf.jmh.MemoryHandlerJULLocationBenchmark.throughputSimple,5,warmup,ops/s,throughputSimple, org.apache.logging.log4j.perf.jmh,86578.066,1,10,2
205,"Throughput, ops/time",MemoryHandlerJULLocationBenchmark,6.0, org.apache.logging.log4j.perf.jmh.MemoryHandlerJULLocationBenchmark.throughputSimple,6,warmup,ops/s,throughputSimple, org.apache.logging.log4j.perf.jmh,77594.181,1,10,2
206,"Throughput, ops/time",MemoryHandlerJULLocationBenchmark,6.0, org.apache.logging.log4j.perf.jmh.MemoryHandlerJULLocationBenchmark.throughputSimple,7,warmup,ops/s,throughputSimple, org.apache.logging.log4j.perf.jmh,69970.857,1,10,2
207,"Throughput, ops/time",MemoryHandlerJULLocationBenchmark,6.0, org.apache.logging.log4j.perf.jmh.MemoryHandlerJULLocationBenchmark.throughputSimple,8,warmup,ops/s,throughputSimple, org.apache.logging.log4j.perf.jmh,77425.334,1,10,2
208,"Throughput, ops/time",MemoryHandlerJULLocationBenchmark,6.0, org.apache.logging.log4j.perf.jmh.MemoryHandlerJULLocationBenchmark.throughputSimple,9,warmup,ops/s,throughputSimple, org.apache.logging.log4j.perf.jmh,71424.552,1,10,2
209,"Throughput, ops/time",MemoryHandlerJULLocationBenchmark,6.0, org.apache.logging.log4j.perf.jmh.MemoryHandlerJULLocationBenchmark.throughputSimple,10,warmup,ops/s,throughputSimple, org.apache.logging.log4j.perf.jmh,71672.754,1,10,2
210,"Throughput, ops/time",MemoryHandlerJULLocationBenchmark,6.0, org.apache.logging.log4j.perf.jmh.MemoryHandlerJULLocationBenchmark.throughputSimple,11,warmup,ops/s,throughputSimple, org.apache.logging.log4j.perf.jmh,72410.381,1,10,2
211,"Throughput, ops/time",MemoryHandlerJULLocationBenchmark,6.0, org.apache.logging.log4j.perf.jmh.MemoryHandlerJULLocationBenchmark.throughputSimple,12,warmup,ops/s,throughputSimple, org.apache.logging.log4j.perf.jmh,70116.405,1,10,2
212,"Throughput, ops/time",MemoryHandlerJULLocationBenchmark,6.0, org.apache.logging.log4j.perf.jmh.MemoryHandlerJULLocationBenchmark.throughputSimple,13,warmup,ops/s,throughputSimple, org.apache.logging.log4j.perf.jmh,77464.292,1,10,2
213,"Throughput, ops/time",MemoryHandlerJULLocationBenchmark,6.0, org.apache.logging.log4j.perf.jmh.MemoryHandlerJULLocationBenchmark.throughputSimple,14,warmup,ops/s,throughputSimple, org.apache.logging.log4j.perf.jmh,77515.420,1,10,2
214,"Throughput, ops/time",MemoryHandlerJULLocationBenchmark,6.0, org.apache.logging.log4j.perf.jmh.MemoryHandlerJULLocationBenchmark.throughputSimple,15,warmup,ops/s,throughputSimple, org.apache.logging.log4j.perf.jmh,72386.975,1,10,2
215,"Throughput, ops/time",MemoryHandlerJULLocationBenchmark,6.0, org.apache.logging.log4j.perf.jmh.MemoryHandlerJULLocationBenchmark.throughputSimple,16,warmup,ops/s,throughputSimple, org.apache.logging.log4j.perf.jmh,77622.857,1,10,2
216,"Throughput, ops/time",MemoryHandlerJULLocationBenchmark,6.0, org.apache.logging.log4j.perf.jmh.MemoryHandlerJULLocationBenchmark.throughputSimple,17,warmup,ops/s,throughputSimple, org.apache.logging.log4j.perf.jmh,84242.211,1,10,2
217,"Throughput, ops/time",MemoryHandlerJULLocationBenchmark,6.0, org.apache.logging.log4j.perf.jmh.MemoryHandlerJULLocationBenchmark.throughputSimple,18,warmup,ops/s,throughputSimple, org.apache.logging.log4j.perf.jmh,71045.483,1,10,2
218,"Throughput, ops/time",MemoryHandlerJULLocationBenchmark,6.0, org.apache.logging.log4j.perf.jmh.MemoryHandlerJULLocationBenchmark.throughputSimple,19,warmup,ops/s,throughputSimple, org.apache.logging.log4j.perf.jmh,80086.997,1,10,2
219,"Throughput, ops/time",MemoryHandlerJULLocationBenchmark,6.0, org.apache.logging.log4j.perf.jmh.MemoryHandlerJULLocationBenchmark.throughputSimple,20,warmup,ops/s,throughputSimple, org.apache.logging.log4j.perf.jmh,80129.839,1,10,2
220,"Throughput, ops/time",MemoryHandlerJULLocationBenchmark,6.0, org.apache.logging.log4j.perf.jmh.MemoryHandlerJULLocationBenchmark.throughputSimple,1,measured,ops/s,throughputSimple, org.apache.logging.log4j.perf.jmh,77233.644,1,10,2
221,"Throughput, ops/time",MemoryHandlerJULLocationBenchmark,6.0, org.apache.logging.log4j.perf.jmh.MemoryHandlerJULLocationBenchmark.throughputSimple,2,measured,ops/s,throughputSimple, org.apache.logging.log4j.perf.jmh,81873.455,1,10,2
222,"Throughput, ops/time",MemoryHandlerJULLocationBenchmark,6.0, org.apache.logging.log4j.perf.jmh.MemoryHandlerJULLocationBenchmark.throughputSimple,3,measured,ops/s,throughputSimple, org.apache.logging.log4j.perf.jmh,66540.127,1,10,2
223,"Throughput, ops/time",MemoryHandlerJULLocationBenchmark,6.0, org.apache.logging.log4j.perf.jmh.MemoryHandlerJULLocationBenchmark.throughputSimple,4,measured,ops/s,throughputSimple, org.apache.logging.log4j.perf.jmh,75267.670,1,10,2
224,"Throughput, ops/time",MemoryHandlerJULLocationBenchmark,6.0, org.apache.logging.log4j.perf.jmh.MemoryHandlerJULLocationBenchmark.throughputSimple,5,measured,ops/s,throughputSimple, org.apache.logging.log4j.perf.jmh,75314.549,1,10,2
225,"Throughput, ops/time",MemoryHandlerJULLocationBenchmark,6.0, org.apache.logging.log4j.perf.jmh.MemoryHandlerJULLocationBenchmark.throughputSimple,6,measured,ops/s,throughputSimple, org.apache.logging.log4j.perf.jmh,67340.030,1,10,2
226,"Throughput, ops/time",MemoryHandlerJULLocationBenchmark,6.0, org.apache.logging.log4j.perf.jmh.MemoryHandlerJULLocationBenchmark.throughputSimple,7,measured,ops/s,throughputSimple, org.apache.logging.log4j.perf.jmh,75342.630,1,10,2
227,"Throughput, ops/time",MemoryHandlerJULLocationBenchmark,6.0, org.apache.logging.log4j.perf.jmh.MemoryHandlerJULLocationBenchmark.throughputSimple,8,measured,ops/s,throughputSimple, org.apache.logging.log4j.perf.jmh,76449.877,1,10,2
228,"Throughput, ops/time",MemoryHandlerJULLocationBenchmark,6.0, org.apache.logging.log4j.perf.jmh.MemoryHandlerJULLocationBenchmark.throughputSimple,9,measured,ops/s,throughputSimple, org.apache.logging.log4j.perf.jmh,70939.328,1,10,2
229,"Throughput, ops/time",MemoryHandlerJULLocationBenchmark,6.0, org.apache.logging.log4j.perf.jmh.MemoryHandlerJULLocationBenchmark.throughputSimple,10,measured,ops/s,throughputSimple, org.apache.logging.log4j.perf.jmh,76366.001,1,10,2
230,"Throughput, ops/time",MemoryHandlerJULLocationBenchmark,6.0, org.apache.logging.log4j.perf.jmh.MemoryHandlerJULLocationBenchmark.throughputSimple,11,measured,ops/s,throughputSimple, org.apache.logging.log4j.perf.jmh,73347.886,1,10,2
231,"Throughput, ops/time",MemoryHandlerJULLocationBenchmark,6.0, org.apache.logging.log4j.perf.jmh.MemoryHandlerJULLocationBenchmark.throughputSimple,12,measured,ops/s,throughputSimple, org.apache.logging.log4j.perf.jmh,77399.226,1,10,2
232,"Throughput, ops/time",MemoryHandlerJULLocationBenchmark,6.0, org.apache.logging.log4j.perf.jmh.MemoryHandlerJULLocationBenchmark.throughputSimple,13,measured,ops/s,throughputSimple, org.apache.logging.log4j.perf.jmh,68346.626,1,10,2
233,"Throughput, ops/time",MemoryHandlerJULLocationBenchmark,6.0, org.apache.logging.log4j.perf.jmh.MemoryHandlerJULLocationBenchmark.throughputSimple,14,measured,ops/s,throughputSimple, org.apache.logging.log4j.perf.jmh,80031.517,1,10,2
234,"Throughput, ops/time",MemoryHandlerJULLocationBenchmark,6.0, org.apache.logging.log4j.perf.jmh.MemoryHandlerJULLocationBenchmark.throughputSimple,15,measured,ops/s,throughputSimple, org.apache.logging.log4j.perf.jmh,84698.051,1,10,2
235,"Throughput, ops/time",MemoryHandlerJULLocationBenchmark,6.0, org.apache.logging.log4j.perf.jmh.MemoryHandlerJULLocationBenchmark.throughputSimple,16,measured,ops/s,throughputSimple, org.apache.logging.log4j.perf.jmh,77706.092,1,10,2
236,"Throughput, ops/time",MemoryHandlerJULLocationBenchmark,6.0, org.apache.logging.log4j.perf.jmh.MemoryHandlerJULLocationBenchmark.throughputSimple,17,measured,ops/s,throughputSimple, org.apache.logging.log4j.perf.jmh,74662.167,1,10,2
237,"Throughput, ops/time",MemoryHandlerJULLocationBenchmark,6.0, org.apache.logging.log4j.perf.jmh.MemoryHandlerJULLocationBenchmark.throughputSimple,18,measured,ops/s,throughputSimple, org.apache.logging.log4j.perf.jmh,76270.738,1,10,2
238,"Throughput, ops/time",MemoryHandlerJULLocationBenchmark,6.0, org.apache.logging.log4j.perf.jmh.MemoryHandlerJULLocationBenchmark.throughputSimple,19,measured,ops/s,throughputSimple, org.apache.logging.log4j.perf.jmh,84591.155,1,10,2
239,"Throughput, ops/time",MemoryHandlerJULLocationBenchmark,6.0, org.apache.logging.log4j.perf.jmh.MemoryHandlerJULLocationBenchmark.throughputSimple,20,measured,ops/s,throughputSimple, org.apache.logging.log4j.perf.jmh,84083.300,1,10,2
240,"Throughput, ops/time",MemoryHandlerJULLocationBenchmark,7.0, org.apache.logging.log4j.perf.jmh.MemoryHandlerJULLocationBenchmark.throughputSimple,1,warmup,ops/s,throughputSimple, org.apache.logging.log4j.perf.jmh,75588.108,1,10,2
241,"Throughput, ops/time",MemoryHandlerJULLocationBenchmark,7.0, org.apache.logging.log4j.perf.jmh.MemoryHandlerJULLocationBenchmark.throughputSimple,2,warmup,ops/s,throughputSimple, org.apache.logging.log4j.perf.jmh,72497.952,1,10,2
242,"Throughput, ops/time",MemoryHandlerJULLocationBenchmark,7.0, org.apache.logging.log4j.perf.jmh.MemoryHandlerJULLocationBenchmark.throughputSimple,3,warmup,ops/s,throughputSimple, org.apache.logging.log4j.perf.jmh,70130.740,1,10,2
243,"Throughput, ops/time",MemoryHandlerJULLocationBenchmark,7.0, org.apache.logging.log4j.perf.jmh.MemoryHandlerJULLocationBenchmark.throughputSimple,4,warmup,ops/s,throughputSimple, org.apache.logging.log4j.perf.jmh,77542.917,1,10,2
244,"Throughput, ops/time",MemoryHandlerJULLocationBenchmark,7.0, org.apache.logging.log4j.perf.jmh.MemoryHandlerJULLocationBenchmark.throughputSimple,5,warmup,ops/s,throughputSimple, org.apache.logging.log4j.perf.jmh,78077.766,1,10,2
245,"Throughput, ops/time",MemoryHandlerJULLocationBenchmark,7.0, org.apache.logging.log4j.perf.jmh.MemoryHandlerJULLocationBenchmark.throughputSimple,6,warmup,ops/s,throughputSimple, org.apache.logging.log4j.perf.jmh,71891.700,1,10,2
246,"Throughput, ops/time",MemoryHandlerJULLocationBenchmark,7.0, org.apache.logging.log4j.perf.jmh.MemoryHandlerJULLocationBenchmark.throughputSimple,7,warmup,ops/s,throughputSimple, org.apache.logging.log4j.perf.jmh,68134.872,1,10,2
247,"Throughput, ops/time",MemoryHandlerJULLocationBenchmark,7.0, org.apache.logging.log4j.perf.jmh.MemoryHandlerJULLocationBenchmark.throughputSimple,8,warmup,ops/s,throughputSimple, org.apache.logging.log4j.perf.jmh,78460.953,1,10,2
248,"Throughput, ops/time",MemoryHandlerJULLocationBenchmark,7.0, org.apache.logging.log4j.perf.jmh.MemoryHandlerJULLocationBenchmark.throughputSimple,9,warmup,ops/s,throughputSimple, org.apache.logging.log4j.perf.jmh,77007.683,1,10,2
249,"Throughput, ops/time",MemoryHandlerJULLocationBenchmark,7.0, org.apache.logging.log4j.perf.jmh.MemoryHandlerJULLocationBenchmark.throughputSimple,10,warmup,ops/s,throughputSimple, org.apache.logging.log4j.perf.jmh,78040.711,1,10,2
250,"Throughput, ops/time",MemoryHandlerJULLocationBenchmark,7.0, org.apache.logging.log4j.perf.jmh.MemoryHandlerJULLocationBenchmark.throughputSimple,11,warmup,ops/s,throughputSimple, org.apache.logging.log4j.perf.jmh,77746.587,1,10,2
251,"Throughput, ops/time",MemoryHandlerJULLocationBenchmark,7.0, org.apache.logging.log4j.perf.jmh.MemoryHandlerJULLocationBenchmark.throughputSimple,12,warmup,ops/s,throughputSimple, org.apache.logging.log4j.perf.jmh,71909.744,1,10,2
252,"Throughput, ops/time",MemoryHandlerJULLocationBenchmark,7.0, org.apache.logging.log4j.perf.jmh.MemoryHandlerJULLocationBenchmark.throughputSimple,13,warmup,ops/s,throughputSimple, org.apache.logging.log4j.perf.jmh,73408.210,1,10,2
253,"Throughput, ops/time",MemoryHandlerJULLocationBenchmark,7.0, org.apache.logging.log4j.perf.jmh.MemoryHandlerJULLocationBenchmark.throughputSimple,14,warmup,ops/s,throughputSimple, org.apache.logging.log4j.perf.jmh,72012.198,1,10,2
254,"Throughput, ops/time",MemoryHandlerJULLocationBenchmark,7.0, org.apache.logging.log4j.perf.jmh.MemoryHandlerJULLocationBenchmark.throughputSimple,15,warmup,ops/s,throughputSimple, org.apache.logging.log4j.perf.jmh,65975.651,1,10,2
255,"Throughput, ops/time",MemoryHandlerJULLocationBenchmark,7.0, org.apache.logging.log4j.perf.jmh.MemoryHandlerJULLocationBenchmark.throughputSimple,16,warmup,ops/s,throughputSimple, org.apache.logging.log4j.perf.jmh,74040.914,1,10,2
256,"Throughput, ops/time",MemoryHandlerJULLocationBenchmark,7.0, org.apache.logging.log4j.perf.jmh.MemoryHandlerJULLocationBenchmark.throughputSimple,17,warmup,ops/s,throughputSimple, org.apache.logging.log4j.perf.jmh,77689.614,1,10,2
257,"Throughput, ops/time",MemoryHandlerJULLocationBenchmark,7.0, org.apache.logging.log4j.perf.jmh.MemoryHandlerJULLocationBenchmark.throughputSimple,18,warmup,ops/s,throughputSimple, org.apache.logging.log4j.perf.jmh,72836.025,1,10,2
258,"Throughput, ops/time",MemoryHandlerJULLocationBenchmark,7.0, org.apache.logging.log4j.perf.jmh.MemoryHandlerJULLocationBenchmark.throughputSimple,19,warmup,ops/s,throughputSimple, org.apache.logging.log4j.perf.jmh,81504.852,1,10,2
259,"Throughput, ops/time",MemoryHandlerJULLocationBenchmark,7.0, org.apache.logging.log4j.perf.jmh.MemoryHandlerJULLocationBenchmark.throughputSimple,20,warmup,ops/s,throughputSimple, org.apache.logging.log4j.perf.jmh,84332.752,1,10,2
260,"Throughput, ops/time",MemoryHandlerJULLocationBenchmark,7.0, org.apache.logging.log4j.perf.jmh.MemoryHandlerJULLocationBenchmark.throughputSimple,1,measured,ops/s,throughputSimple, org.apache.logging.log4j.perf.jmh,81114.658,1,10,2
261,"Throughput, ops/time",MemoryHandlerJULLocationBenchmark,7.0, org.apache.logging.log4j.perf.jmh.MemoryHandlerJULLocationBenchmark.throughputSimple,2,measured,ops/s,throughputSimple, org.apache.logging.log4j.perf.jmh,81038.478,1,10,2
262,"Throughput, ops/time",MemoryHandlerJULLocationBenchmark,7.0, org.apache.logging.log4j.perf.jmh.MemoryHandlerJULLocationBenchmark.throughputSimple,3,measured,ops/s,throughputSimple, org.apache.logging.log4j.perf.jmh,72576.013,1,10,2
263,"Throughput, ops/time",MemoryHandlerJULLocationBenchmark,7.0, org.apache.logging.log4j.perf.jmh.MemoryHandlerJULLocationBenchmark.throughputSimple,4,measured,ops/s,throughputSimple, org.apache.logging.log4j.perf.jmh,80463.240,1,10,2
264,"Throughput, ops/time",MemoryHandlerJULLocationBenchmark,7.0, org.apache.logging.log4j.perf.jmh.MemoryHandlerJULLocationBenchmark.throughputSimple,5,measured,ops/s,throughputSimple, org.apache.logging.log4j.perf.jmh,77770.660,1,10,2
265,"Throughput, ops/time",MemoryHandlerJULLocationBenchmark,7.0, org.apache.logging.log4j.perf.jmh.MemoryHandlerJULLocationBenchmark.throughputSimple,6,measured,ops/s,throughputSimple, org.apache.logging.log4j.perf.jmh,65013.260,1,10,2
266,"Throughput, ops/time",MemoryHandlerJULLocationBenchmark,7.0, org.apache.logging.log4j.perf.jmh.MemoryHandlerJULLocationBenchmark.throughputSimple,7,measured,ops/s,throughputSimple, org.apache.logging.log4j.perf.jmh,80107.168,1,10,2
267,"Throughput, ops/time",MemoryHandlerJULLocationBenchmark,7.0, org.apache.logging.log4j.perf.jmh.MemoryHandlerJULLocationBenchmark.throughputSimple,8,measured,ops/s,throughputSimple, org.apache.logging.log4j.perf.jmh,77722.274,1,10,2
268,"Throughput, ops/time",MemoryHandlerJULLocationBenchmark,7.0, org.apache.logging.log4j.perf.jmh.MemoryHandlerJULLocationBenchmark.throughputSimple,9,measured,ops/s,throughputSimple, org.apache.logging.log4j.perf.jmh,69955.511,1,10,2
269,"Throughput, ops/time",MemoryHandlerJULLocationBenchmark,7.0, org.apache.logging.log4j.perf.jmh.MemoryHandlerJULLocationBenchmark.throughputSimple,10,measured,ops/s,throughputSimple, org.apache.logging.log4j.perf.jmh,75018.835,1,10,2
270,"Throughput, ops/time",MemoryHandlerJULLocationBenchmark,7.0, org.apache.logging.log4j.perf.jmh.MemoryHandlerJULLocationBenchmark.throughputSimple,11,measured,ops/s,throughputSimple, org.apache.logging.log4j.perf.jmh,80159.125,1,10,2
271,"Throughput, ops/time",MemoryHandlerJULLocationBenchmark,7.0, org.apache.logging.log4j.perf.jmh.MemoryHandlerJULLocationBenchmark.throughputSimple,12,measured,ops/s,throughputSimple, org.apache.logging.log4j.perf.jmh,84469.729,1,10,2
272,"Throughput, ops/time",MemoryHandlerJULLocationBenchmark,7.0, org.apache.logging.log4j.perf.jmh.MemoryHandlerJULLocationBenchmark.throughputSimple,13,measured,ops/s,throughputSimple, org.apache.logging.log4j.perf.jmh,78362.110,1,10,2
273,"Throughput, ops/time",MemoryHandlerJULLocationBenchmark,7.0, org.apache.logging.log4j.perf.jmh.MemoryHandlerJULLocationBenchmark.throughputSimple,14,measured,ops/s,throughputSimple, org.apache.logging.log4j.perf.jmh,81550.196,1,10,2
274,"Throughput, ops/time",MemoryHandlerJULLocationBenchmark,7.0, org.apache.logging.log4j.perf.jmh.MemoryHandlerJULLocationBenchmark.throughputSimple,15,measured,ops/s,throughputSimple, org.apache.logging.log4j.perf.jmh,76790.207,1,10,2
275,"Throughput, ops/time",MemoryHandlerJULLocationBenchmark,7.0, org.apache.logging.log4j.perf.jmh.MemoryHandlerJULLocationBenchmark.throughputSimple,16,measured,ops/s,throughputSimple, org.apache.logging.log4j.perf.jmh,47563.728,1,10,2
276,"Throughput, ops/time",MemoryHandlerJULLocationBenchmark,7.0, org.apache.logging.log4j.perf.jmh.MemoryHandlerJULLocationBenchmark.throughputSimple,17,measured,ops/s,throughputSimple, org.apache.logging.log4j.perf.jmh,76764.181,1,10,2
277,"Throughput, ops/time",MemoryHandlerJULLocationBenchmark,7.0, org.apache.logging.log4j.perf.jmh.MemoryHandlerJULLocationBenchmark.throughputSimple,18,measured,ops/s,throughputSimple, org.apache.logging.log4j.perf.jmh,71302.477,1,10,2
278,"Throughput, ops/time",MemoryHandlerJULLocationBenchmark,7.0, org.apache.logging.log4j.perf.jmh.MemoryHandlerJULLocationBenchmark.throughputSimple,19,measured,ops/s,throughputSimple, org.apache.logging.log4j.perf.jmh,76340.886,1,10,2
279,"Throughput, ops/time",MemoryHandlerJULLocationBenchmark,7.0, org.apache.logging.log4j.perf.jmh.MemoryHandlerJULLocationBenchmark.throughputSimple,20,measured,ops/s,throughputSimple, org.apache.logging.log4j.perf.jmh,84798.333,1,10,2
280,"Throughput, ops/time",MemoryHandlerJULLocationBenchmark,8.0, org.apache.logging.log4j.perf.jmh.MemoryHandlerJULLocationBenchmark.throughputSimple,1,warmup,ops/s,throughputSimple, org.apache.logging.log4j.perf.jmh,75707.637,1,10,2
281,"Throughput, ops/time",MemoryHandlerJULLocationBenchmark,8.0, org.apache.logging.log4j.perf.jmh.MemoryHandlerJULLocationBenchmark.throughputSimple,2,warmup,ops/s,throughputSimple, org.apache.logging.log4j.perf.jmh,71156.563,1,10,2
282,"Throughput, ops/time",MemoryHandlerJULLocationBenchmark,8.0, org.apache.logging.log4j.perf.jmh.MemoryHandlerJULLocationBenchmark.throughputSimple,3,warmup,ops/s,throughputSimple, org.apache.logging.log4j.perf.jmh,72103.661,1,10,2
283,"Throughput, ops/time",MemoryHandlerJULLocationBenchmark,8.0, org.apache.logging.log4j.perf.jmh.MemoryHandlerJULLocationBenchmark.throughputSimple,4,warmup,ops/s,throughputSimple, org.apache.logging.log4j.perf.jmh,70288.828,1,10,2
284,"Throughput, ops/time",MemoryHandlerJULLocationBenchmark,8.0, org.apache.logging.log4j.perf.jmh.MemoryHandlerJULLocationBenchmark.throughputSimple,5,warmup,ops/s,throughputSimple, org.apache.logging.log4j.perf.jmh,70580.792,1,10,2
285,"Throughput, ops/time",MemoryHandlerJULLocationBenchmark,8.0, org.apache.logging.log4j.perf.jmh.MemoryHandlerJULLocationBenchmark.throughputSimple,6,warmup,ops/s,throughputSimple, org.apache.logging.log4j.perf.jmh,69095.606,1,10,2
286,"Throughput, ops/time",MemoryHandlerJULLocationBenchmark,8.0, org.apache.logging.log4j.perf.jmh.MemoryHandlerJULLocationBenchmark.throughputSimple,7,warmup,ops/s,throughputSimple, org.apache.logging.log4j.perf.jmh,75993.437,1,10,2
287,"Throughput, ops/time",MemoryHandlerJULLocationBenchmark,8.0, org.apache.logging.log4j.perf.jmh.MemoryHandlerJULLocationBenchmark.throughputSimple,8,warmup,ops/s,throughputSimple, org.apache.logging.log4j.perf.jmh,79157.185,1,10,2
288,"Throughput, ops/time",MemoryHandlerJULLocationBenchmark,8.0, org.apache.logging.log4j.perf.jmh.MemoryHandlerJULLocationBenchmark.throughputSimple,9,warmup,ops/s,throughputSimple, org.apache.logging.log4j.perf.jmh,77614.405,1,10,2
289,"Throughput, ops/time",MemoryHandlerJULLocationBenchmark,8.0, org.apache.logging.log4j.perf.jmh.MemoryHandlerJULLocationBenchmark.throughputSimple,10,warmup,ops/s,throughputSimple, org.apache.logging.log4j.perf.jmh,77622.595,1,10,2
290,"Throughput, ops/time",MemoryHandlerJULLocationBenchmark,8.0, org.apache.logging.log4j.perf.jmh.MemoryHandlerJULLocationBenchmark.throughputSimple,11,warmup,ops/s,throughputSimple, org.apache.logging.log4j.perf.jmh,72230.455,1,10,2
291,"Throughput, ops/time",MemoryHandlerJULLocationBenchmark,8.0, org.apache.logging.log4j.perf.jmh.MemoryHandlerJULLocationBenchmark.throughputSimple,12,warmup,ops/s,throughputSimple, org.apache.logging.log4j.perf.jmh,73668.191,1,10,2
292,"Throughput, ops/time",MemoryHandlerJULLocationBenchmark,8.0, org.apache.logging.log4j.perf.jmh.MemoryHandlerJULLocationBenchmark.throughputSimple,13,warmup,ops/s,throughputSimple, org.apache.logging.log4j.perf.jmh,78326.665,1,10,2
293,"Throughput, ops/time",MemoryHandlerJULLocationBenchmark,8.0, org.apache.logging.log4j.perf.jmh.MemoryHandlerJULLocationBenchmark.throughputSimple,14,warmup,ops/s,throughputSimple, org.apache.logging.log4j.perf.jmh,78078.653,1,10,2
294,"Throughput, ops/time",MemoryHandlerJULLocationBenchmark,8.0, org.apache.logging.log4j.perf.jmh.MemoryHandlerJULLocationBenchmark.throughputSimple,15,warmup,ops/s,throughputSimple, org.apache.logging.log4j.perf.jmh,67497.030,1,10,2
295,"Throughput, ops/time",MemoryHandlerJULLocationBenchmark,8.0, org.apache.logging.log4j.perf.jmh.MemoryHandlerJULLocationBenchmark.throughputSimple,16,warmup,ops/s,throughputSimple, org.apache.logging.log4j.perf.jmh,72367.735,1,10,2
296,"Throughput, ops/time",MemoryHandlerJULLocationBenchmark,8.0, org.apache.logging.log4j.perf.jmh.MemoryHandlerJULLocationBenchmark.throughputSimple,17,warmup,ops/s,throughputSimple, org.apache.logging.log4j.perf.jmh,84115.822,1,10,2
297,"Throughput, ops/time",MemoryHandlerJULLocationBenchmark,8.0, org.apache.logging.log4j.perf.jmh.MemoryHandlerJULLocationBenchmark.throughputSimple,18,warmup,ops/s,throughputSimple, org.apache.logging.log4j.perf.jmh,73294.609,1,10,2
298,"Throughput, ops/time",MemoryHandlerJULLocationBenchmark,8.0, org.apache.logging.log4j.perf.jmh.MemoryHandlerJULLocationBenchmark.throughputSimple,19,warmup,ops/s,throughputSimple, org.apache.logging.log4j.perf.jmh,79918.162,1,10,2
299,"Throughput, ops/time",MemoryHandlerJULLocationBenchmark,8.0, org.apache.logging.log4j.perf.jmh.MemoryHandlerJULLocationBenchmark.throughputSimple,20,warmup,ops/s,throughputSimple, org.apache.logging.log4j.perf.jmh,74446.850,1,10,2
300,"Throughput, ops/time",MemoryHandlerJULLocationBenchmark,8.0, org.apache.logging.log4j.perf.jmh.MemoryHandlerJULLocationBenchmark.throughputSimple,1,measured,ops/s,throughputSimple, org.apache.logging.log4j.perf.jmh,76006.538,1,10,2
301,"Throughput, ops/time",MemoryHandlerJULLocationBenchmark,8.0, org.apache.logging.log4j.perf.jmh.MemoryHandlerJULLocationBenchmark.throughputSimple,2,measured,ops/s,throughputSimple, org.apache.logging.log4j.perf.jmh,75585.589,1,10,2
302,"Throughput, ops/time",MemoryHandlerJULLocationBenchmark,8.0, org.apache.logging.log4j.perf.jmh.MemoryHandlerJULLocationBenchmark.throughputSimple,3,measured,ops/s,throughputSimple, org.apache.logging.log4j.perf.jmh,69954.840,1,10,2
303,"Throughput, ops/time",MemoryHandlerJULLocationBenchmark,8.0, org.apache.logging.log4j.perf.jmh.MemoryHandlerJULLocationBenchmark.throughputSimple,4,measured,ops/s,throughputSimple, org.apache.logging.log4j.perf.jmh,75953.942,1,10,2
304,"Throughput, ops/time",MemoryHandlerJULLocationBenchmark,8.0, org.apache.logging.log4j.perf.jmh.MemoryHandlerJULLocationBenchmark.throughputSimple,5,measured,ops/s,throughputSimple, org.apache.logging.log4j.perf.jmh,73559.802,1,10,2
305,"Throughput, ops/time",MemoryHandlerJULLocationBenchmark,8.0, org.apache.logging.log4j.perf.jmh.MemoryHandlerJULLocationBenchmark.throughputSimple,6,measured,ops/s,throughputSimple, org.apache.logging.log4j.perf.jmh,70680.816,1,10,2
306,"Throughput, ops/time",MemoryHandlerJULLocationBenchmark,8.0, org.apache.logging.log4j.perf.jmh.MemoryHandlerJULLocationBenchmark.throughputSimple,7,measured,ops/s,throughputSimple, org.apache.logging.log4j.perf.jmh,76389.833,1,10,2
307,"Throughput, ops/time",MemoryHandlerJULLocationBenchmark,8.0, org.apache.logging.log4j.perf.jmh.MemoryHandlerJULLocationBenchmark.throughputSimple,8,measured,ops/s,throughputSimple, org.apache.logging.log4j.perf.jmh,84299.782,1,10,2
308,"Throughput, ops/time",MemoryHandlerJULLocationBenchmark,8.0, org.apache.logging.log4j.perf.jmh.MemoryHandlerJULLocationBenchmark.throughputSimple,9,measured,ops/s,throughputSimple, org.apache.logging.log4j.perf.jmh,67831.043,1,10,2
309,"Throughput, ops/time",MemoryHandlerJULLocationBenchmark,8.0, org.apache.logging.log4j.perf.jmh.MemoryHandlerJULLocationBenchmark.throughputSimple,10,measured,ops/s,throughputSimple, org.apache.logging.log4j.perf.jmh,76700.580,1,10,2
310,"Throughput, ops/time",MemoryHandlerJULLocationBenchmark,8.0, org.apache.logging.log4j.perf.jmh.MemoryHandlerJULLocationBenchmark.throughputSimple,11,measured,ops/s,throughputSimple, org.apache.logging.log4j.perf.jmh,84331.848,1,10,2
311,"Throughput, ops/time",MemoryHandlerJULLocationBenchmark,8.0, org.apache.logging.log4j.perf.jmh.MemoryHandlerJULLocationBenchmark.throughputSimple,12,measured,ops/s,throughputSimple, org.apache.logging.log4j.perf.jmh,84296.232,1,10,2
312,"Throughput, ops/time",MemoryHandlerJULLocationBenchmark,8.0, org.apache.logging.log4j.perf.jmh.MemoryHandlerJULLocationBenchmark.throughputSimple,13,measured,ops/s,throughputSimple, org.apache.logging.log4j.perf.jmh,77223.675,1,10,2
313,"Throughput, ops/time",MemoryHandlerJULLocationBenchmark,8.0, org.apache.logging.log4j.perf.jmh.MemoryHandlerJULLocationBenchmark.throughputSimple,14,measured,ops/s,throughputSimple, org.apache.logging.log4j.perf.jmh,64673.632,1,10,2
314,"Throughput, ops/time",MemoryHandlerJULLocationBenchmark,8.0, org.apache.logging.log4j.perf.jmh.MemoryHandlerJULLocationBenchmark.throughputSimple,15,measured,ops/s,throughputSimple, org.apache.logging.log4j.perf.jmh,78244.734,1,10,2
315,"Throughput, ops/time",MemoryHandlerJULLocationBenchmark,8.0, org.apache.logging.log4j.perf.jmh.MemoryHandlerJULLocationBenchmark.throughputSimple,16,measured,ops/s,throughputSimple, org.apache.logging.log4j.perf.jmh,85069.886,1,10,2
316,"Throughput, ops/time",MemoryHandlerJULLocationBenchmark,8.0, org.apache.logging.log4j.perf.jmh.MemoryHandlerJULLocationBenchmark.throughputSimple,17,measured,ops/s,throughputSimple, org.apache.logging.log4j.perf.jmh,77919.469,1,10,2
317,"Throughput, ops/time",MemoryHandlerJULLocationBenchmark,8.0, org.apache.logging.log4j.perf.jmh.MemoryHandlerJULLocationBenchmark.throughputSimple,18,measured,ops/s,throughputSimple, org.apache.logging.log4j.perf.jmh,76639.164,1,10,2
318,"Throughput, ops/time",MemoryHandlerJULLocationBenchmark,8.0, org.apache.logging.log4j.perf.jmh.MemoryHandlerJULLocationBenchmark.throughputSimple,19,measured,ops/s,throughputSimple, org.apache.logging.log4j.perf.jmh,79369.202,1,10,2
319,"Throughput, ops/time",MemoryHandlerJULLocationBenchmark,8.0, org.apache.logging.log4j.perf.jmh.MemoryHandlerJULLocationBenchmark.throughputSimple,20,measured,ops/s,throughputSimple, org.apache.logging.log4j.perf.jmh,82165.083,1,10,2
320,"Throughput, ops/time",MemoryHandlerJULLocationBenchmark,9.0, org.apache.logging.log4j.perf.jmh.MemoryHandlerJULLocationBenchmark.throughputSimple,1,warmup,ops/s,throughputSimple, org.apache.logging.log4j.perf.jmh,75227.154,1,10,2
321,"Throughput, ops/time",MemoryHandlerJULLocationBenchmark,9.0, org.apache.logging.log4j.perf.jmh.MemoryHandlerJULLocationBenchmark.throughputSimple,2,warmup,ops/s,throughputSimple, org.apache.logging.log4j.perf.jmh,76350.010,1,10,2
322,"Throughput, ops/time",MemoryHandlerJULLocationBenchmark,9.0, org.apache.logging.log4j.perf.jmh.MemoryHandlerJULLocationBenchmark.throughputSimple,3,warmup,ops/s,throughputSimple, org.apache.logging.log4j.perf.jmh,76514.255,1,10,2
323,"Throughput, ops/time",MemoryHandlerJULLocationBenchmark,9.0, org.apache.logging.log4j.perf.jmh.MemoryHandlerJULLocationBenchmark.throughputSimple,4,warmup,ops/s,throughputSimple, org.apache.logging.log4j.perf.jmh,68019.157,1,10,2
324,"Throughput, ops/time",MemoryHandlerJULLocationBenchmark,9.0, org.apache.logging.log4j.perf.jmh.MemoryHandlerJULLocationBenchmark.throughputSimple,5,warmup,ops/s,throughputSimple, org.apache.logging.log4j.perf.jmh,68174.375,1,10,2
325,"Throughput, ops/time",MemoryHandlerJULLocationBenchmark,9.0, org.apache.logging.log4j.perf.jmh.MemoryHandlerJULLocationBenchmark.throughputSimple,6,warmup,ops/s,throughputSimple, org.apache.logging.log4j.perf.jmh,69424.194,1,10,2
326,"Throughput, ops/time",MemoryHandlerJULLocationBenchmark,9.0, org.apache.logging.log4j.perf.jmh.MemoryHandlerJULLocationBenchmark.throughputSimple,7,warmup,ops/s,throughputSimple, org.apache.logging.log4j.perf.jmh,74467.844,1,10,2
327,"Throughput, ops/time",MemoryHandlerJULLocationBenchmark,9.0, org.apache.logging.log4j.perf.jmh.MemoryHandlerJULLocationBenchmark.throughputSimple,8,warmup,ops/s,throughputSimple, org.apache.logging.log4j.perf.jmh,72443.065,1,10,2
328,"Throughput, ops/time",MemoryHandlerJULLocationBenchmark,9.0, org.apache.logging.log4j.perf.jmh.MemoryHandlerJULLocationBenchmark.throughputSimple,9,warmup,ops/s,throughputSimple, org.apache.logging.log4j.perf.jmh,72641.731,1,10,2
329,"Throughput, ops/time",MemoryHandlerJULLocationBenchmark,9.0, org.apache.logging.log4j.perf.jmh.MemoryHandlerJULLocationBenchmark.throughputSimple,10,warmup,ops/s,throughputSimple, org.apache.logging.log4j.perf.jmh,71875.581,1,10,2
330,"Throughput, ops/time",MemoryHandlerJULLocationBenchmark,9.0, org.apache.logging.log4j.perf.jmh.MemoryHandlerJULLocationBenchmark.throughputSimple,11,warmup,ops/s,throughputSimple, org.apache.logging.log4j.perf.jmh,78074.538,1,10,2
331,"Throughput, ops/time",MemoryHandlerJULLocationBenchmark,9.0, org.apache.logging.log4j.perf.jmh.MemoryHandlerJULLocationBenchmark.throughputSimple,12,warmup,ops/s,throughputSimple, org.apache.logging.log4j.perf.jmh,76072.829,1,10,2
332,"Throughput, ops/time",MemoryHandlerJULLocationBenchmark,9.0, org.apache.logging.log4j.perf.jmh.MemoryHandlerJULLocationBenchmark.throughputSimple,13,warmup,ops/s,throughputSimple, org.apache.logging.log4j.perf.jmh,64667.258,1,10,2
333,"Throughput, ops/time",MemoryHandlerJULLocationBenchmark,9.0, org.apache.logging.log4j.perf.jmh.MemoryHandlerJULLocationBenchmark.throughputSimple,14,warmup,ops/s,throughputSimple, org.apache.logging.log4j.perf.jmh,69027.546,1,10,2
334,"Throughput, ops/time",MemoryHandlerJULLocationBenchmark,9.0, org.apache.logging.log4j.perf.jmh.MemoryHandlerJULLocationBenchmark.throughputSimple,15,warmup,ops/s,throughputSimple, org.apache.logging.log4j.perf.jmh,77390.940,1,10,2
335,"Throughput, ops/time",MemoryHandlerJULLocationBenchmark,9.0, org.apache.logging.log4j.perf.jmh.MemoryHandlerJULLocationBenchmark.throughputSimple,16,warmup,ops/s,throughputSimple, org.apache.logging.log4j.perf.jmh,72211.617,1,10,2
336,"Throughput, ops/time",MemoryHandlerJULLocationBenchmark,9.0, org.apache.logging.log4j.perf.jmh.MemoryHandlerJULLocationBenchmark.throughputSimple,17,warmup,ops/s,throughputSimple, org.apache.logging.log4j.perf.jmh,84108.710,1,10,2
337,"Throughput, ops/time",MemoryHandlerJULLocationBenchmark,9.0, org.apache.logging.log4j.perf.jmh.MemoryHandlerJULLocationBenchmark.throughputSimple,18,warmup,ops/s,throughputSimple, org.apache.logging.log4j.perf.jmh,70079.736,1,10,2
338,"Throughput, ops/time",MemoryHandlerJULLocationBenchmark,9.0, org.apache.logging.log4j.perf.jmh.MemoryHandlerJULLocationBenchmark.throughputSimple,19,warmup,ops/s,throughputSimple, org.apache.logging.log4j.perf.jmh,75313.151,1,10,2
339,"Throughput, ops/time",MemoryHandlerJULLocationBenchmark,9.0, org.apache.logging.log4j.perf.jmh.MemoryHandlerJULLocationBenchmark.throughputSimple,20,warmup,ops/s,throughputSimple, org.apache.logging.log4j.perf.jmh,78861.320,1,10,2
340,"Throughput, ops/time",MemoryHandlerJULLocationBenchmark,9.0, org.apache.logging.log4j.perf.jmh.MemoryHandlerJULLocationBenchmark.throughputSimple,1,measured,ops/s,throughputSimple, org.apache.logging.log4j.perf.jmh,76909.657,1,10,2
341,"Throughput, ops/time",MemoryHandlerJULLocationBenchmark,9.0, org.apache.logging.log4j.perf.jmh.MemoryHandlerJULLocationBenchmark.throughputSimple,2,measured,ops/s,throughputSimple, org.apache.logging.log4j.perf.jmh,84527.283,1,10,2
342,"Throughput, ops/time",MemoryHandlerJULLocationBenchmark,9.0, org.apache.logging.log4j.perf.jmh.MemoryHandlerJULLocationBenchmark.throughputSimple,3,measured,ops/s,throughputSimple, org.apache.logging.log4j.perf.jmh,78082.965,1,10,2
343,"Throughput, ops/time",MemoryHandlerJULLocationBenchmark,9.0, org.apache.logging.log4j.perf.jmh.MemoryHandlerJULLocationBenchmark.throughputSimple,4,measured,ops/s,throughputSimple, org.apache.logging.log4j.perf.jmh,77299.363,1,10,2
344,"Throughput, ops/time",MemoryHandlerJULLocationBenchmark,9.0, org.apache.logging.log4j.perf.jmh.MemoryHandlerJULLocationBenchmark.throughputSimple,5,measured,ops/s,throughputSimple, org.apache.logging.log4j.perf.jmh,75637.307,1,10,2
345,"Throughput, ops/time",MemoryHandlerJULLocationBenchmark,9.0, org.apache.logging.log4j.perf.jmh.MemoryHandlerJULLocationBenchmark.throughputSimple,6,measured,ops/s,throughputSimple, org.apache.logging.log4j.perf.jmh,71492.250,1,10,2
346,"Throughput, ops/time",MemoryHandlerJULLocationBenchmark,9.0, org.apache.logging.log4j.perf.jmh.MemoryHandlerJULLocationBenchmark.throughputSimple,7,measured,ops/s,throughputSimple, org.apache.logging.log4j.perf.jmh,73149.815,1,10,2
347,"Throughput, ops/time",MemoryHandlerJULLocationBenchmark,9.0, org.apache.logging.log4j.perf.jmh.MemoryHandlerJULLocationBenchmark.throughputSimple,8,measured,ops/s,throughputSimple, org.apache.logging.log4j.perf.jmh,81541.113,1,10,2
348,"Throughput, ops/time",MemoryHandlerJULLocationBenchmark,9.0, org.apache.logging.log4j.perf.jmh.MemoryHandlerJULLocationBenchmark.throughputSimple,9,measured,ops/s,throughputSimple, org.apache.logging.log4j.perf.jmh,68725.444,1,10,2
349,"Throughput, ops/time",MemoryHandlerJULLocationBenchmark,9.0, org.apache.logging.log4j.perf.jmh.MemoryHandlerJULLocationBenchmark.throughputSimple,10,measured,ops/s,throughputSimple, org.apache.logging.log4j.perf.jmh,78573.756,1,10,2
350,"Throughput, ops/time",MemoryHandlerJULLocationBenchmark,9.0, org.apache.logging.log4j.perf.jmh.MemoryHandlerJULLocationBenchmark.throughputSimple,11,measured,ops/s,throughputSimple, org.apache.logging.log4j.perf.jmh,77896.016,1,10,2
351,"Throughput, ops/time",MemoryHandlerJULLocationBenchmark,9.0, org.apache.logging.log4j.perf.jmh.MemoryHandlerJULLocationBenchmark.throughputSimple,12,measured,ops/s,throughputSimple, org.apache.logging.log4j.perf.jmh,77921.572,1,10,2
352,"Throughput, ops/time",MemoryHandlerJULLocationBenchmark,9.0, org.apache.logging.log4j.perf.jmh.MemoryHandlerJULLocationBenchmark.throughputSimple,13,measured,ops/s,throughputSimple, org.apache.logging.log4j.perf.jmh,83424.227,1,10,2
353,"Throughput, ops/time",MemoryHandlerJULLocationBenchmark,9.0, org.apache.logging.log4j.perf.jmh.MemoryHandlerJULLocationBenchmark.throughputSimple,14,measured,ops/s,throughputSimple, org.apache.logging.log4j.perf.jmh,68684.819,1,10,2
354,"Throughput, ops/time",MemoryHandlerJULLocationBenchmark,9.0, org.apache.logging.log4j.perf.jmh.MemoryHandlerJULLocationBenchmark.throughputSimple,15,measured,ops/s,throughputSimple, org.apache.logging.log4j.perf.jmh,75803.967,1,10,2
355,"Throughput, ops/time",MemoryHandlerJULLocationBenchmark,9.0, org.apache.logging.log4j.perf.jmh.MemoryHandlerJULLocationBenchmark.throughputSimple,16,measured,ops/s,throughputSimple, org.apache.logging.log4j.perf.jmh,84157.318,1,10,2
356,"Throughput, ops/time",MemoryHandlerJULLocationBenchmark,9.0, org.apache.logging.log4j.perf.jmh.MemoryHandlerJULLocationBenchmark.throughputSimple,17,measured,ops/s,throughputSimple, org.apache.logging.log4j.perf.jmh,77360.106,1,10,2
357,"Throughput, ops/time",MemoryHandlerJULLocationBenchmark,9.0, org.apache.logging.log4j.perf.jmh.MemoryHandlerJULLocationBenchmark.throughputSimple,18,measured,ops/s,throughputSimple, org.apache.logging.log4j.perf.jmh,71139.958,1,10,2
358,"Throughput, ops/time",MemoryHandlerJULLocationBenchmark,9.0, org.apache.logging.log4j.perf.jmh.MemoryHandlerJULLocationBenchmark.throughputSimple,19,measured,ops/s,throughputSimple, org.apache.logging.log4j.perf.jmh,77307.236,1,10,2
359,"Throughput, ops/time",MemoryHandlerJULLocationBenchmark,9.0, org.apache.logging.log4j.perf.jmh.MemoryHandlerJULLocationBenchmark.throughputSimple,20,measured,ops/s,throughputSimple, org.apache.logging.log4j.perf.jmh,79895.663,1,10,2
360,"Throughput, ops/time",MemoryHandlerJULLocationBenchmark,10.0, org.apache.logging.log4j.perf.jmh.MemoryHandlerJULLocationBenchmark.throughputSimple,1,warmup,ops/s,throughputSimple, org.apache.logging.log4j.perf.jmh,72976.506,1,10,2
361,"Throughput, ops/time",MemoryHandlerJULLocationBenchmark,10.0, org.apache.logging.log4j.perf.jmh.MemoryHandlerJULLocationBenchmark.throughputSimple,2,warmup,ops/s,throughputSimple, org.apache.logging.log4j.perf.jmh,70195.594,1,10,2
362,"Throughput, ops/time",MemoryHandlerJULLocationBenchmark,10.0, org.apache.logging.log4j.perf.jmh.MemoryHandlerJULLocationBenchmark.throughputSimple,3,warmup,ops/s,throughputSimple, org.apache.logging.log4j.perf.jmh,70885.047,1,10,2
363,"Throughput, ops/time",MemoryHandlerJULLocationBenchmark,10.0, org.apache.logging.log4j.perf.jmh.MemoryHandlerJULLocationBenchmark.throughputSimple,4,warmup,ops/s,throughputSimple, org.apache.logging.log4j.perf.jmh,69906.103,1,10,2
364,"Throughput, ops/time",MemoryHandlerJULLocationBenchmark,10.0, org.apache.logging.log4j.perf.jmh.MemoryHandlerJULLocationBenchmark.throughputSimple,5,warmup,ops/s,throughputSimple, org.apache.logging.log4j.perf.jmh,72601.977,1,10,2
365,"Throughput, ops/time",MemoryHandlerJULLocationBenchmark,10.0, org.apache.logging.log4j.perf.jmh.MemoryHandlerJULLocationBenchmark.throughputSimple,6,warmup,ops/s,throughputSimple, org.apache.logging.log4j.perf.jmh,74079.150,1,10,2
366,"Throughput, ops/time",MemoryHandlerJULLocationBenchmark,10.0, org.apache.logging.log4j.perf.jmh.MemoryHandlerJULLocationBenchmark.throughputSimple,7,warmup,ops/s,throughputSimple, org.apache.logging.log4j.perf.jmh,81335.410,1,10,2
367,"Throughput, ops/time",MemoryHandlerJULLocationBenchmark,10.0, org.apache.logging.log4j.perf.jmh.MemoryHandlerJULLocationBenchmark.throughputSimple,8,warmup,ops/s,throughputSimple, org.apache.logging.log4j.perf.jmh,72134.484,1,10,2
368,"Throughput, ops/time",MemoryHandlerJULLocationBenchmark,10.0, org.apache.logging.log4j.perf.jmh.MemoryHandlerJULLocationBenchmark.throughputSimple,9,warmup,ops/s,throughputSimple, org.apache.logging.log4j.perf.jmh,75247.645,1,10,2
369,"Throughput, ops/time",MemoryHandlerJULLocationBenchmark,10.0, org.apache.logging.log4j.perf.jmh.MemoryHandlerJULLocationBenchmark.throughputSimple,10,warmup,ops/s,throughputSimple, org.apache.logging.log4j.perf.jmh,70098.408,1,10,2
370,"Throughput, ops/time",MemoryHandlerJULLocationBenchmark,10.0, org.apache.logging.log4j.perf.jmh.MemoryHandlerJULLocationBenchmark.throughputSimple,11,warmup,ops/s,throughputSimple, org.apache.logging.log4j.perf.jmh,76175.007,1,10,2
371,"Throughput, ops/time",MemoryHandlerJULLocationBenchmark,10.0, org.apache.logging.log4j.perf.jmh.MemoryHandlerJULLocationBenchmark.throughputSimple,12,warmup,ops/s,throughputSimple, org.apache.logging.log4j.perf.jmh,75548.796,1,10,2
372,"Throughput, ops/time",MemoryHandlerJULLocationBenchmark,10.0, org.apache.logging.log4j.perf.jmh.MemoryHandlerJULLocationBenchmark.throughputSimple,13,warmup,ops/s,throughputSimple, org.apache.logging.log4j.perf.jmh,68368.858,1,10,2
373,"Throughput, ops/time",MemoryHandlerJULLocationBenchmark,10.0, org.apache.logging.log4j.perf.jmh.MemoryHandlerJULLocationBenchmark.throughputSimple,14,warmup,ops/s,throughputSimple, org.apache.logging.log4j.perf.jmh,76036.015,1,10,2
374,"Throughput, ops/time",MemoryHandlerJULLocationBenchmark,10.0, org.apache.logging.log4j.perf.jmh.MemoryHandlerJULLocationBenchmark.throughputSimple,15,warmup,ops/s,throughputSimple, org.apache.logging.log4j.perf.jmh,75025.700,1,10,2
375,"Throughput, ops/time",MemoryHandlerJULLocationBenchmark,10.0, org.apache.logging.log4j.perf.jmh.MemoryHandlerJULLocationBenchmark.throughputSimple,16,warmup,ops/s,throughputSimple, org.apache.logging.log4j.perf.jmh,75867.759,1,10,2
376,"Throughput, ops/time",MemoryHandlerJULLocationBenchmark,10.0, org.apache.logging.log4j.perf.jmh.MemoryHandlerJULLocationBenchmark.throughputSimple,17,warmup,ops/s,throughputSimple, org.apache.logging.log4j.perf.jmh,80168.863,1,10,2
377,"Throughput, ops/time",MemoryHandlerJULLocationBenchmark,10.0, org.apache.logging.log4j.perf.jmh.MemoryHandlerJULLocationBenchmark.throughputSimple,18,warmup,ops/s,throughputSimple, org.apache.logging.log4j.perf.jmh,69846.878,1,10,2
378,"Throughput, ops/time",MemoryHandlerJULLocationBenchmark,10.0, org.apache.logging.log4j.perf.jmh.MemoryHandlerJULLocationBenchmark.throughputSimple,19,warmup,ops/s,throughputSimple, org.apache.logging.log4j.perf.jmh,73329.895,1,10,2
379,"Throughput, ops/time",MemoryHandlerJULLocationBenchmark,10.0, org.apache.logging.log4j.perf.jmh.MemoryHandlerJULLocationBenchmark.throughputSimple,20,warmup,ops/s,throughputSimple, org.apache.logging.log4j.perf.jmh,78391.707,1,10,2
380,"Throughput, ops/time",MemoryHandlerJULLocationBenchmark,10.0, org.apache.logging.log4j.perf.jmh.MemoryHandlerJULLocationBenchmark.throughputSimple,1,measured,ops/s,throughputSimple, org.apache.logging.log4j.perf.jmh,75308.544,1,10,2
381,"Throughput, ops/time",MemoryHandlerJULLocationBenchmark,10.0, org.apache.logging.log4j.perf.jmh.MemoryHandlerJULLocationBenchmark.throughputSimple,2,measured,ops/s,throughputSimple, org.apache.logging.log4j.perf.jmh,81635.100,1,10,2
382,"Throughput, ops/time",MemoryHandlerJULLocationBenchmark,10.0, org.apache.logging.log4j.perf.jmh.MemoryHandlerJULLocationBenchmark.throughputSimple,3,measured,ops/s,throughputSimple, org.apache.logging.log4j.perf.jmh,78036.084,1,10,2
383,"Throughput, ops/time",MemoryHandlerJULLocationBenchmark,10.0, org.apache.logging.log4j.perf.jmh.MemoryHandlerJULLocationBenchmark.throughputSimple,4,measured,ops/s,throughputSimple, org.apache.logging.log4j.perf.jmh,75796.196,1,10,2
384,"Throughput, ops/time",MemoryHandlerJULLocationBenchmark,10.0, org.apache.logging.log4j.perf.jmh.MemoryHandlerJULLocationBenchmark.throughputSimple,5,measured,ops/s,throughputSimple, org.apache.logging.log4j.perf.jmh,82423.384,1,10,2
385,"Throughput, ops/time",MemoryHandlerJULLocationBenchmark,10.0, org.apache.logging.log4j.perf.jmh.MemoryHandlerJULLocationBenchmark.throughputSimple,6,measured,ops/s,throughputSimple, org.apache.logging.log4j.perf.jmh,70778.432,1,10,2
386,"Throughput, ops/time",MemoryHandlerJULLocationBenchmark,10.0, org.apache.logging.log4j.perf.jmh.MemoryHandlerJULLocationBenchmark.throughputSimple,7,measured,ops/s,throughputSimple, org.apache.logging.log4j.perf.jmh,77788.563,1,10,2
387,"Throughput, ops/time",MemoryHandlerJULLocationBenchmark,10.0, org.apache.logging.log4j.perf.jmh.MemoryHandlerJULLocationBenchmark.throughputSimple,8,measured,ops/s,throughputSimple, org.apache.logging.log4j.perf.jmh,75591.701,1,10,2
388,"Throughput, ops/time",MemoryHandlerJULLocationBenchmark,10.0, org.apache.logging.log4j.perf.jmh.MemoryHandlerJULLocationBenchmark.throughputSimple,9,measured,ops/s,throughputSimple, org.apache.logging.log4j.perf.jmh,67011.435,1,10,2
389,"Throughput, ops/time",MemoryHandlerJULLocationBenchmark,10.0, org.apache.logging.log4j.perf.jmh.MemoryHandlerJULLocationBenchmark.throughputSimple,10,measured,ops/s,throughputSimple, org.apache.logging.log4j.perf.jmh,75177.794,1,10,2
390,"Throughput, ops/time",MemoryHandlerJULLocationBenchmark,10.0, org.apache.logging.log4j.perf.jmh.MemoryHandlerJULLocationBenchmark.throughputSimple,11,measured,ops/s,throughputSimple, org.apache.logging.log4j.perf.jmh,81910.489,1,10,2
391,"Throughput, ops/time",MemoryHandlerJULLocationBenchmark,10.0, org.apache.logging.log4j.perf.jmh.MemoryHandlerJULLocationBenchmark.throughputSimple,12,measured,ops/s,throughputSimple, org.apache.logging.log4j.perf.jmh,75382.325,1,10,2
392,"Throughput, ops/time",MemoryHandlerJULLocationBenchmark,10.0, org.apache.logging.log4j.perf.jmh.MemoryHandlerJULLocationBenchmark.throughputSimple,13,measured,ops/s,throughputSimple, org.apache.logging.log4j.perf.jmh,64044.367,1,10,2
393,"Throughput, ops/time",MemoryHandlerJULLocationBenchmark,10.0, org.apache.logging.log4j.perf.jmh.MemoryHandlerJULLocationBenchmark.throughputSimple,14,measured,ops/s,throughputSimple, org.apache.logging.log4j.perf.jmh,71217.856,1,10,2
394,"Throughput, ops/time",MemoryHandlerJULLocationBenchmark,10.0, org.apache.logging.log4j.perf.jmh.MemoryHandlerJULLocationBenchmark.throughputSimple,15,measured,ops/s,throughputSimple, org.apache.logging.log4j.perf.jmh,73335.253,1,10,2
395,"Throughput, ops/time",MemoryHandlerJULLocationBenchmark,10.0, org.apache.logging.log4j.perf.jmh.MemoryHandlerJULLocationBenchmark.throughputSimple,16,measured,ops/s,throughputSimple, org.apache.logging.log4j.perf.jmh,73839.506,1,10,2
396,"Throughput, ops/time",MemoryHandlerJULLocationBenchmark,10.0, org.apache.logging.log4j.perf.jmh.MemoryHandlerJULLocationBenchmark.throughputSimple,17,measured,ops/s,throughputSimple, org.apache.logging.log4j.perf.jmh,75576.874,1,10,2
397,"Throughput, ops/time",MemoryHandlerJULLocationBenchmark,10.0, org.apache.logging.log4j.perf.jmh.MemoryHandlerJULLocationBenchmark.throughputSimple,18,measured,ops/s,throughputSimple, org.apache.logging.log4j.perf.jmh,64735.132,1,10,2
398,"Throughput, ops/time",MemoryHandlerJULLocationBenchmark,10.0, org.apache.logging.log4j.perf.jmh.MemoryHandlerJULLocationBenchmark.throughputSimple,19,measured,ops/s,throughputSimple, org.apache.logging.log4j.perf.jmh,73268.085,1,10,2
399,"Throughput, ops/time",MemoryHandlerJULLocationBenchmark,10.0, org.apache.logging.log4j.perf.jmh.MemoryHandlerJULLocationBenchmark.throughputSimple,20,measured,ops/s,throughputSimple, org.apache.logging.log4j.perf.jmh,75564.604,1,10,2
